Yaş,İşten Ayrılma,İş Seyahati,Günlük Ücret,Departman,Evden Uzaklık,Eğitim Seviyesi,Eğitim Alanı,Çalışan Sayısı,Sicil No,Çevresel Memnuniyet,Cinsiyet,Saat Ücreti,İşe Katılım,İş Seviyesi,İş Rolü,İş Memnuniyeti,Medeni Durum,Aylık Gelir,Aylık Ücret,Daha Önce Çalışılan İşyeri Sayısı,Fazla Mesai,Ücret Artış Yüzdesi,Performans Skoru,İş Arkadaşlarından  Memnuniyeti,Standart Çalışma Saati,Hisse Seçeneği Seviyesi,Kıdem,Geçen Yıl Katılınan Eğitim Sayısı,İş-Yaşam Dengesi Skoru,Şirketteki Kıdemi,Mevcut Pozisyonda Geçen Yıl,Son Terfiden Bu Yana Geçen Yıl,Mevcut Yöneticiyle Geçen Yıl
41,Evet,Seyrek Seyahat,1102,Satış,1,2,Fen Bilimleri,1,1,2,Kadın,94,3,2,Satış Yöneticisi,4,Bekar,5993,19479,8,Evet,11,3,1,80,0,8,0,1,6,4,0,5
49,Hayır,Sık Seyahat,279,Araştırma ve Geliştirme,8,1,Fen Bilimleri,1,2,3,Erkek,61,2,2,Araştırma Bilimcisi,2,Evli,5130,24907,1,Hayır,23,4,4,80,1,10,3,3,10,7,1,7
37,Evet,Seyrek Seyahat,1373,Araştırma ve Geliştirme,2,2,Diğer,1,4,4,Erkek,92,2,1,Laboratuvar Teknikeri,3,Bekar,2090,2396,6,Evet,15,3,2,80,0,7,3,3,0,0,0,0
33,Hayır,Sık Seyahat,1392,Araştırma ve Geliştirme,3,4,Fen Bilimleri,1,5,4,Kadın,56,3,1,Araştırma Bilimcisi,3,Evli,2909,23159,1,Evet,11,3,3,80,0,8,3,3,8,7,3,0
27,Hayır,Seyrek Seyahat,591,Araştırma ve Geliştirme,2,1,Tıp,1,7,1,Erkek,40,3,1,Laboratuvar Teknikeri,2,Evli,3468,16632,9,Hayır,12,3,4,80,1,6,3,3,2,2,2,2
32,Hayır,Sık Seyahat,1005,Araştırma ve Geliştirme,2,2,Fen Bilimleri,1,8,4,Erkek,79,3,1,Laboratuvar Teknikeri,4,Bekar,3068,11864,0,Hayır,13,3,3,80,0,8,2,2,7,7,3,6
59,Hayır,Seyrek Seyahat,1324,Araştırma ve Geliştirme,3,3,Tıp,1,10,3,Kadın,81,4,1,Laboratuvar Teknikeri,1,Evli,2670,9964,4,Evet,20,4,1,80,3,12,3,2,1,0,0,0
30,Hayır,Seyrek Seyahat,1358,Araştırma ve Geliştirme,24,1,Fen Bilimleri,1,11,4,Erkek,67,3,1,Laboratuvar Teknikeri,3,Boşanmış,2693,13335,1,Hayır,22,4,2,80,1,1,2,3,1,0,0,0
38,Hayır,Sık Seyahat,216,Araştırma ve Geliştirme,23,3,Fen Bilimleri,1,12,4,Erkek,44,2,3,Üretim Direktörü,3,Bekar,9526,8787,0,Hayır,21,4,2,80,0,10,2,3,9,7,1,8
36,Hayır,Seyrek Seyahat,1299,Araştırma ve Geliştirme,27,3,Tıp,1,13,3,Erkek,94,3,2,Sağlık Temsilcisi,3,Evli,5237,16577,6,Hayır,13,3,2,80,2,17,3,2,7,7,7,7
35,Hayır,Seyrek Seyahat,809,Araştırma ve Geliştirme,16,3,Tıp,1,14,1,Erkek,84,4,1,Laboratuvar Teknikeri,2,Evli,2426,16479,0,Hayır,13,3,3,80,1,6,5,3,5,4,0,3
29,Hayır,Seyrek Seyahat,153,Araştırma ve Geliştirme,15,2,Fen Bilimleri,1,15,4,Kadın,49,2,2,Laboratuvar Teknikeri,3,Bekar,4193,12682,0,Evet,12,3,4,80,0,10,3,3,9,5,0,8
31,Hayır,Seyrek Seyahat,670,Araştırma ve Geliştirme,26,1,Fen Bilimleri,1,16,1,Erkek,31,3,1,Araştırma Bilimcisi,3,Boşanmış,2911,15170,1,Hayır,17,3,4,80,1,5,1,2,5,2,4,3
34,Hayır,Seyrek Seyahat,1346,Araştırma ve Geliştirme,19,2,Tıp,1,18,2,Erkek,93,3,1,Laboratuvar Teknikeri,4,Boşanmış,2661,8758,0,Hayır,11,3,3,80,1,3,2,3,2,2,1,2
28,Evet,Seyrek Seyahat,103,Araştırma ve Geliştirme,24,3,Fen Bilimleri,1,19,3,Erkek,50,2,1,Laboratuvar Teknikeri,3,Bekar,2028,12947,5,Evet,14,3,2,80,0,6,4,3,4,2,0,3
29,Hayır,Seyrek Seyahat,1389,Araştırma ve Geliştirme,21,4,Fen Bilimleri,1,20,2,Kadın,51,4,3,Üretim Direktörü,1,Boşanmış,9980,10195,1,Hayır,11,3,3,80,1,10,1,3,10,9,8,8
32,Hayır,Seyrek Seyahat,334,Araştırma ve Geliştirme,5,2,Fen Bilimleri,1,21,1,Erkek,80,4,1,Araştırma Bilimcisi,2,Boşanmış,3298,15053,0,Evet,12,3,4,80,2,7,5,2,6,2,0,5
22,Hayır,Seyahat Etmez,1123,Araştırma ve Geliştirme,16,2,Tıp,1,22,4,Erkek,96,4,1,Laboratuvar Teknikeri,4,Boşanmış,2935,7324,1,Evet,13,3,2,80,2,1,2,2,1,0,0,0
53,Hayır,Seyrek Seyahat,1219,Satış,2,4,Fen Bilimleri,1,23,1,Kadın,78,2,4,Yönetici,4,Evli,15427,22021,2,Hayır,16,3,3,80,0,31,3,3,25,8,3,7
38,Hayır,Seyrek Seyahat,371,Araştırma ve Geliştirme,2,3,Fen Bilimleri,1,24,4,Erkek,45,3,1,Araştırma Bilimcisi,4,Bekar,3944,4306,5,Evet,11,3,3,80,0,6,3,3,3,2,1,2
24,Hayır,Seyahat Etmez,673,Araştırma ve Geliştirme,11,2,Diğer,1,26,1,Kadın,96,4,2,Üretim Direktörü,3,Boşanmış,4011,8232,0,Hayır,18,3,4,80,1,5,5,2,4,2,1,3
36,Evet,Seyrek Seyahat,1218,Satış,9,4,Fen Bilimleri,1,27,3,Erkek,82,2,1,Satış Temsilcisi,1,Bekar,3407,6986,7,Hayır,23,4,2,80,0,10,4,3,5,3,0,3
34,Hayır,Seyrek Seyahat,419,Araştırma ve Geliştirme,7,4,Fen Bilimleri,1,28,1,Kadın,53,3,3,Araştırma Direktörü,2,Bekar,11994,21293,0,Hayır,11,3,3,80,0,13,4,3,12,6,2,11
21,Hayır,Seyrek Seyahat,391,Araştırma ve Geliştirme,15,2,Fen Bilimleri,1,30,3,Erkek,96,3,1,Araştırma Bilimcisi,4,Bekar,1232,19281,1,Hayır,14,3,4,80,0,0,6,3,0,0,0,0
34,Evet,Seyrek Seyahat,699,Araştırma ve Geliştirme,6,1,Tıp,1,31,2,Erkek,83,3,1,Araştırma Bilimcisi,1,Bekar,2960,17102,2,Hayır,11,3,3,80,0,8,2,3,4,2,1,3
53,Hayır,Seyrek Seyahat,1282,Araştırma ve Geliştirme,5,3,Diğer,1,32,3,Kadın,58,3,5,Yönetici,3,Boşanmış,19094,10735,4,Hayır,11,3,4,80,1,26,3,2,14,13,4,8
32,Evet,Sık Seyahat,1125,Araştırma ve Geliştirme,16,1,Fen Bilimleri,1,33,2,Kadın,72,1,1,Araştırma Bilimcisi,1,Bekar,3919,4681,1,Evet,22,4,2,80,0,10,5,3,10,2,6,7
42,Hayır,Seyrek Seyahat,691,Satış,8,4,Pazarlama,1,35,3,Erkek,48,3,2,Satış Yöneticisi,2,Evli,6825,21173,0,Hayır,11,3,4,80,1,10,2,3,9,7,4,2
44,Hayır,Seyrek Seyahat,477,Araştırma ve Geliştirme,7,4,Tıp,1,36,1,Kadın,42,2,3,Sağlık Temsilcisi,4,Evli,10248,2094,3,Hayır,14,3,4,80,1,24,4,3,22,6,5,17
46,Hayır,Seyrek Seyahat,705,Satış,2,4,Pazarlama,1,38,2,Kadın,83,3,5,Yönetici,1,Bekar,18947,22822,3,Hayır,12,3,4,80,0,22,2,2,2,2,2,1
33,Hayır,Seyrek Seyahat,924,Araştırma ve Geliştirme,2,3,Tıp,1,39,3,Erkek,78,3,1,Laboratuvar Teknikeri,4,Bekar,2496,6670,4,Hayır,11,3,4,80,0,7,3,3,1,1,0,0
44,Hayır,Seyrek Seyahat,1459,Araştırma ve Geliştirme,10,4,Diğer,1,40,4,Erkek,41,3,2,Sağlık Temsilcisi,4,Evli,6465,19121,2,Evet,13,3,4,80,0,9,5,4,4,2,1,3
30,Hayır,Seyrek Seyahat,125,Araştırma ve Geliştirme,9,2,Tıp,1,41,4,Erkek,83,2,1,Laboratuvar Teknikeri,3,Bekar,2206,16117,1,Hayır,13,3,1,80,0,10,5,3,10,0,1,8
39,Evet,Seyrek Seyahat,895,Satış,5,3,Mühendislik,1,42,4,Erkek,56,3,2,Satış Temsilcisi,4,Evli,2086,3335,3,Hayır,14,3,3,80,1,19,6,4,1,0,0,0
24,Evet,Seyrek Seyahat,813,Araştırma ve Geliştirme,1,3,Tıp,1,45,2,Erkek,61,3,1,Araştırma Bilimcisi,4,Evli,2293,3020,2,Evet,16,3,1,80,1,6,2,2,2,0,2,0
43,Hayır,Seyrek Seyahat,1273,Araştırma ve Geliştirme,2,2,Tıp,1,46,4,Kadın,72,4,1,Araştırma Bilimcisi,3,Boşanmış,2645,21923,1,Hayır,12,3,4,80,2,6,3,2,5,3,1,4
50,Evet,Seyrek Seyahat,869,Satış,3,2,Pazarlama,1,47,1,Erkek,86,2,1,Satış Temsilcisi,3,Evli,2683,3810,1,Evet,14,3,3,80,0,3,2,3,3,2,0,2
35,Hayır,Seyrek Seyahat,890,Satış,2,3,Pazarlama,1,49,4,Kadın,97,3,1,Satış Temsilcisi,4,Evli,2014,9687,1,Hayır,13,3,1,80,0,2,3,3,2,2,2,2
36,Hayır,Seyrek Seyahat,852,Araştırma ve Geliştirme,5,4,Fen Bilimleri,1,51,2,Kadın,82,2,1,Araştırma Bilimcisi,1,Evli,3419,13072,9,Evet,14,3,4,80,1,6,3,4,1,1,0,0
33,Hayır,Sık Seyahat,1141,Satış,1,3,Fen Bilimleri,1,52,3,Kadın,42,4,2,Satış Yöneticisi,1,Evli,5376,3193,2,Hayır,19,3,1,80,2,10,3,3,5,3,1,3
35,Hayır,Seyrek Seyahat,464,Araştırma ve Geliştirme,4,2,Diğer,1,53,3,Erkek,75,3,1,Laboratuvar Teknikeri,4,Boşanmış,1951,10910,1,Hayır,12,3,3,80,1,1,3,3,1,0,0,0
27,Hayır,Seyrek Seyahat,1240,Araştırma ve Geliştirme,2,4,Fen Bilimleri,1,54,4,Kadın,33,3,1,Laboratuvar Teknikeri,1,Boşanmış,2341,19715,1,Hayır,13,3,4,80,1,1,6,3,1,0,0,0
26,Evet,Seyrek Seyahat,1357,Araştırma ve Geliştirme,25,3,Fen Bilimleri,1,55,1,Erkek,48,1,1,Laboratuvar Teknikeri,3,Bekar,2293,10558,1,Hayır,12,3,3,80,0,1,2,2,1,0,0,1
27,Hayır,Sık Seyahat,994,Satış,8,3,Fen Bilimleri,1,56,4,Erkek,37,3,3,Satış Yöneticisi,3,Bekar,8726,2975,1,Hayır,15,3,4,80,0,9,0,3,9,8,1,7
30,Hayır,Sık Seyahat,721,Araştırma ve Geliştirme,1,2,Tıp,1,57,3,Kadın,58,3,2,Laboratuvar Teknikeri,4,Bekar,4011,10781,1,Hayır,23,4,4,80,0,12,2,3,12,8,3,7
41,Evet,Seyrek Seyahat,1360,Araştırma ve Geliştirme,12,3,Mühendislik,1,58,2,Kadın,49,3,5,Araştırma Direktörü,3,Evli,19545,16280,1,Hayır,12,3,4,80,0,23,0,3,22,15,15,8
34,Hayır,Seyahat Etmez,1065,Satış,23,4,Pazarlama,1,60,2,Erkek,72,3,2,Satış Yöneticisi,3,Bekar,4568,10034,0,Hayır,20,4,3,80,0,10,2,3,9,5,8,7
37,Hayır,Seyrek Seyahat,408,Araştırma ve Geliştirme,19,2,Fen Bilimleri,1,61,2,Erkek,73,3,1,Araştırma Bilimcisi,2,Evli,3022,10227,4,Hayır,21,4,1,80,0,8,1,3,1,0,0,0
46,Hayır,Sık Seyahat,1211,Satış,5,4,Pazarlama,1,62,1,Erkek,98,3,2,Satış Yöneticisi,4,Bekar,5772,20445,4,Evet,21,4,3,80,0,14,4,3,9,6,0,8
35,Hayır,Seyrek Seyahat,1229,Araştırma ve Geliştirme,8,1,Fen Bilimleri,1,63,4,Erkek,36,4,1,Laboratuvar Teknikeri,4,Evli,2269,4892,1,Hayır,19,3,4,80,0,1,2,3,1,0,0,1
48,Evet,Seyrek Seyahat,626,Araştırma ve Geliştirme,1,2,Fen Bilimleri,1,64,1,Erkek,98,2,3,Laboratuvar Teknikeri,3,Bekar,5381,19294,9,Evet,13,3,4,80,0,23,2,3,1,0,0,0
28,Evet,Seyrek Seyahat,1434,Araştırma ve Geliştirme,5,4,Mühendislik,1,65,3,Erkek,50,3,1,Laboratuvar Teknikeri,3,Bekar,3441,11179,1,Evet,13,3,3,80,0,2,3,2,2,2,2,2
44,Hayır,Seyrek Seyahat,1488,Satış,1,5,Pazarlama,1,68,2,Kadın,75,3,2,Satış Yöneticisi,1,Boşanmış,5454,4009,5,Evet,21,4,3,80,1,9,2,2,4,3,1,3
35,Hayır,Seyahat Etmez,1097,Araştırma ve Geliştirme,11,2,Tıp,1,70,3,Erkek,79,2,3,Sağlık Temsilcisi,1,Evli,9884,8302,2,Evet,13,3,3,80,1,10,3,3,4,0,2,3
26,Hayır,Seyrek Seyahat,1443,Satış,23,3,Pazarlama,1,72,3,Kadın,47,2,2,Satış Yöneticisi,4,Evli,4157,21436,7,Evet,19,3,3,80,1,5,2,2,2,2,0,0
33,Hayır,Sık Seyahat,515,Araştırma ve Geliştirme,1,2,Fen Bilimleri,1,73,1,Kadın,98,3,3,Araştırma Direktörü,4,Bekar,13458,15146,1,Evet,12,3,3,80,0,15,1,3,15,14,8,12
35,Hayır,Sık Seyahat,853,Satış,18,5,Fen Bilimleri,1,74,2,Erkek,71,3,3,Satış Yöneticisi,1,Evli,9069,11031,1,Hayır,22,4,4,80,1,9,3,2,9,8,1,8
35,Hayır,Seyrek Seyahat,1142,Araştırma ve Geliştirme,23,4,Tıp,1,75,3,Kadın,30,3,1,Laboratuvar Teknikeri,1,Evli,4014,16002,3,Evet,15,3,3,80,1,4,3,3,2,2,2,2
31,Hayır,Seyrek Seyahat,655,Araştırma ve Geliştirme,7,4,Fen Bilimleri,1,76,4,Erkek,48,3,2,Laboratuvar Teknikeri,4,Boşanmış,5915,9528,3,Hayır,22,4,4,80,1,10,3,2,7,7,1,7
37,Hayır,Seyrek Seyahat,1115,Araştırma ve Geliştirme,1,4,Fen Bilimleri,1,77,1,Erkek,51,2,2,Üretim Direktörü,3,Boşanmış,5993,2689,1,Hayır,18,3,3,80,1,7,2,4,7,5,0,7
32,Hayır,Seyrek Seyahat,427,Araştırma ve Geliştirme,1,3,Tıp,1,78,1,Erkek,33,3,2,Üretim Direktörü,4,Evli,6162,10877,1,Evet,22,4,2,80,1,9,3,3,9,8,7,8
38,Hayır,Sık Seyahat,653,Araştırma ve Geliştirme,29,5,Fen Bilimleri,1,79,4,Kadın,50,3,2,Laboratuvar Teknikeri,4,Bekar,2406,5456,1,Hayır,11,3,4,80,0,10,2,3,10,3,9,9
50,Hayır,Seyrek Seyahat,989,Araştırma ve Geliştirme,7,2,Tıp,1,80,2,Kadın,43,2,5,Araştırma Direktörü,3,Boşanmış,18740,16701,5,Evet,12,3,4,80,1,29,2,2,27,3,13,8
59,Hayır,Seyrek Seyahat,1435,Satış,25,3,Fen Bilimleri,1,81,1,Kadın,99,3,3,Satış Yöneticisi,1,Bekar,7637,2354,7,Hayır,11,3,4,80,0,28,3,2,21,16,7,9
36,Hayır,Seyrek Seyahat,1223,Araştırma ve Geliştirme,8,3,Mühendislik,1,83,3,Kadın,59,3,3,Sağlık Temsilcisi,3,Boşanmış,10096,8202,1,Hayır,13,3,2,80,3,17,2,3,17,14,12,8
55,Hayır,Seyrek Seyahat,836,Araştırma ve Geliştirme,8,3,Tıp,1,84,4,Kadın,33,3,4,Yönetici,3,Boşanmış,14756,19730,2,Evet,14,3,3,80,3,21,2,3,5,0,0,2
36,Hayır,Sık Seyahat,1195,Araştırma ve Geliştirme,11,3,Fen Bilimleri,1,85,2,Erkek,95,2,2,Üretim Direktörü,2,Bekar,6499,22656,1,Hayır,13,3,3,80,0,6,3,3,6,5,0,3
45,Hayır,Seyrek Seyahat,1339,Araştırma ve Geliştirme,7,3,Fen Bilimleri,1,86,2,Erkek,59,3,3,Araştırma Bilimcisi,1,Boşanmış,9724,18787,2,Hayır,17,3,3,80,1,25,2,3,1,0,0,0
35,Hayır,Sık Seyahat,664,Araştırma ve Geliştirme,1,3,Tıp,1,88,2,Erkek,79,3,1,Araştırma Bilimcisi,1,Evli,2194,5868,4,Hayır,13,3,4,80,1,5,2,2,3,2,1,2
36,Evet,Seyrek Seyahat,318,Araştırma ve Geliştirme,9,3,Tıp,1,90,4,Erkek,79,2,1,Araştırma Bilimcisi,3,Evli,3388,21777,0,Evet,17,3,1,80,1,2,0,2,1,0,0,0
59,Hayır,Sık Seyahat,1225,Satış,1,1,Fen Bilimleri,1,91,1,Kadın,57,2,2,Satış Yöneticisi,3,Bekar,5473,24668,7,Hayır,11,3,4,80,0,20,2,2,4,3,1,3
29,Hayır,Seyrek Seyahat,1328,Araştırma ve Geliştirme,2,3,Fen Bilimleri,1,94,3,Erkek,76,3,1,Araştırma Bilimcisi,2,Evli,2703,4956,0,Hayır,23,4,4,80,1,6,3,3,5,4,0,4
31,Hayır,Seyrek Seyahat,1082,Araştırma ve Geliştirme,1,4,Tıp,1,95,3,Erkek,87,3,1,Araştırma Bilimcisi,2,Bekar,2501,18775,1,Hayır,17,3,2,80,0,1,4,3,1,1,1,0
32,Hayır,Seyrek Seyahat,548,Araştırma ve Geliştirme,1,3,Fen Bilimleri,1,96,2,Erkek,66,3,2,Araştırma Bilimcisi,2,Evli,6220,7346,1,Hayır,17,3,2,80,2,10,3,3,10,4,0,9
36,Hayır,Seyrek Seyahat,132,Araştırma ve Geliştirme,6,3,Fen Bilimleri,1,97,2,Kadın,55,4,1,Laboratuvar Teknikeri,4,Evli,3038,22002,3,Hayır,12,3,2,80,0,5,3,3,1,0,0,0
31,Hayır,Seyrek Seyahat,746,Araştırma ve Geliştirme,8,4,Fen Bilimleri,1,98,3,Kadın,61,3,2,Üretim Direktörü,4,Bekar,4424,20682,1,Hayır,23,4,4,80,0,11,2,3,11,7,1,8
35,Hayır,Seyrek Seyahat,776,Satış,1,4,Pazarlama,1,100,3,Erkek,32,2,2,Satış Yöneticisi,1,Bekar,4312,23016,0,Hayır,14,3,2,80,0,16,2,3,15,13,2,8
45,Hayır,Seyrek Seyahat,193,Araştırma ve Geliştirme,6,4,Diğer,1,101,4,Erkek,52,3,3,Araştırma Direktörü,1,Evli,13245,15067,4,Evet,14,3,2,80,0,17,3,4,0,0,0,0
37,Hayır,Seyrek Seyahat,397,Araştırma ve Geliştirme,7,4,Tıp,1,102,1,Erkek,30,3,3,Araştırma Direktörü,3,Bekar,13664,25258,4,Hayır,13,3,1,80,0,16,3,4,5,2,0,2
46,Hayır,Seyrek Seyahat,945,İnsan Kaynakları,5,2,Tıp,1,103,2,Erkek,80,3,2,İnsan Kaynakları,2,Boşanmış,5021,10425,8,Evet,22,4,4,80,1,16,2,3,4,2,0,2
30,Hayır,Seyrek Seyahat,852,Araştırma ve Geliştirme,1,1,Fen Bilimleri,1,104,4,Erkek,55,2,2,Laboratuvar Teknikeri,4,Evli,5126,15998,1,Evet,12,3,3,80,2,10,1,2,10,8,3,0
35,Hayır,Seyrek Seyahat,1214,Araştırma ve Geliştirme,1,3,Tıp,1,105,2,Erkek,30,2,1,Araştırma Bilimcisi,3,Bekar,2859,26278,1,Hayır,18,3,1,80,0,6,3,3,6,4,0,4
55,Hayır,Seyrek Seyahat,111,Satış,1,2,Fen Bilimleri,1,106,1,Erkek,70,3,3,Satış Yöneticisi,4,Evli,10239,18092,3,Hayır,14,3,4,80,1,24,4,3,1,0,1,0
38,Hayır,Seyahat Etmez,573,Araştırma ve Geliştirme,6,3,Tıp,1,107,2,Kadın,79,1,2,Araştırma Bilimcisi,4,Boşanmış,5329,15717,7,Evet,12,3,4,80,3,17,3,3,13,11,1,9
34,Hayır,Seyrek Seyahat,1153,Araştırma ve Geliştirme,1,2,Tıp,1,110,1,Erkek,94,3,2,Üretim Direktörü,2,Evli,4325,17736,1,Hayır,15,3,3,80,0,5,2,3,5,2,1,3
56,Hayır,Seyrek Seyahat,1400,Araştırma ve Geliştirme,7,3,Fen Bilimleri,1,112,4,Erkek,49,1,3,Üretim Direktörü,4,Bekar,7260,21698,4,Hayır,11,3,1,80,0,37,3,2,6,4,0,2
23,Hayır,Seyrek Seyahat,541,Satış,2,1,Mühendislik,1,113,3,Erkek,62,3,1,Satış Temsilcisi,1,Boşanmış,2322,9518,3,Hayır,13,3,3,80,1,3,3,3,0,0,0,0
51,Hayır,Seyrek Seyahat,432,Araştırma ve Geliştirme,9,4,Fen Bilimleri,1,116,4,Erkek,96,3,1,Laboratuvar Teknikeri,4,Evli,2075,18725,3,Hayır,23,4,2,80,2,10,4,3,4,2,0,3
30,Hayır,Seyrek Seyahat,288,Araştırma ve Geliştirme,2,3,Fen Bilimleri,1,117,3,Erkek,99,2,2,Sağlık Temsilcisi,4,Evli,4152,15830,1,Hayır,19,3,1,80,3,11,3,3,11,10,10,8
46,Evet,Seyrek Seyahat,669,Satış,9,2,Tıp,1,118,3,Erkek,64,2,3,Satış Yöneticisi,4,Bekar,9619,13596,1,Hayır,16,3,4,80,0,9,3,3,9,8,4,7
40,Hayır,Sık Seyahat,530,Araştırma ve Geliştirme,1,4,Fen Bilimleri,1,119,3,Erkek,78,2,4,Sağlık Temsilcisi,2,Evli,13503,14115,1,Hayır,22,4,4,80,1,22,3,2,22,3,11,11
51,Hayır,Seyrek Seyahat,632,Satış,21,4,Pazarlama,1,120,3,Erkek,71,3,2,Satış Yöneticisi,4,Bekar,5441,8423,0,Evet,22,4,4,80,0,11,2,1,10,7,1,0
30,Hayır,Seyrek Seyahat,1334,Satış,4,2,Tıp,1,121,3,Kadın,63,2,2,Satış Yöneticisi,2,Boşanmış,5209,19760,1,Evet,12,3,2,80,3,11,4,2,11,8,2,7
46,Hayır,Sık Seyahat,638,Araştırma ve Geliştirme,1,3,Tıp,1,124,3,Erkek,40,2,3,Sağlık Temsilcisi,1,Evli,10673,3142,2,Evet,13,3,3,80,1,21,5,2,10,9,9,5
32,Hayır,Seyrek Seyahat,1093,Satış,6,4,Tıp,1,125,2,Erkek,87,3,2,Satış Yöneticisi,3,Bekar,5010,24301,1,Hayır,16,3,1,80,0,12,0,3,11,8,5,7
54,Hayır,Seyrek Seyahat,1217,Araştırma ve Geliştirme,2,4,Mühendislik,1,126,1,Kadın,60,3,3,Araştırma Direktörü,3,Evli,13549,24001,9,Hayır,12,3,1,80,1,16,5,1,4,3,0,3
24,Hayır,Seyrek Seyahat,1353,Satış,3,2,Diğer,1,128,1,Kadın,33,3,2,Satış Yöneticisi,3,Evli,4999,17519,0,Hayır,21,4,1,80,1,4,2,2,3,2,0,2
28,Hayır,Seyahat Etmez,120,Satış,4,3,Tıp,1,129,2,Erkek,43,3,2,Satış Yöneticisi,3,Evli,4221,8863,1,Hayır,15,3,2,80,0,5,3,4,5,4,0,4
58,Hayır,Seyrek Seyahat,682,Satış,10,4,Tıp,1,131,4,Erkek,37,3,4,Satış Yöneticisi,3,Bekar,13872,24409,0,Hayır,13,3,3,80,0,38,1,2,37,10,1,8
44,Hayır,Seyahat Etmez,489,Araştırma ve Geliştirme,23,3,Tıp,1,132,2,Erkek,67,3,2,Laboratuvar Teknikeri,2,Evli,2042,25043,4,Hayır,12,3,3,80,1,17,3,4,3,2,1,2
37,Evet,Seyrek Seyahat,807,İnsan Kaynakları,6,4,İnsan Kaynakları,1,133,3,Erkek,63,3,1,İnsan Kaynakları,1,Boşanmış,2073,23648,4,Evet,22,4,4,80,0,7,3,3,3,2,0,2
32,Hayır,Seyrek Seyahat,827,Araştırma ve Geliştirme,1,1,Fen Bilimleri,1,134,4,Erkek,71,3,1,Araştırma Bilimcisi,1,Bekar,2956,15178,1,Hayır,13,3,4,80,0,1,2,3,1,0,0,0
20,Evet,Sık Seyahat,871,Araştırma ve Geliştirme,6,3,Fen Bilimleri,1,137,4,Kadın,66,2,1,Laboratuvar Teknikeri,4,Bekar,2926,19783,1,Evet,18,3,2,80,0,1,5,3,1,0,1,0
34,Hayır,Seyrek Seyahat,665,Araştırma ve Geliştirme,6,4,Diğer,1,138,1,Kadın,41,3,2,Araştırma Bilimcisi,3,Bekar,4809,12482,1,Hayır,14,3,3,80,0,16,3,3,16,13,2,10
37,Hayır,Seyahat Etmez,1040,Araştırma ve Geliştirme,2,2,Fen Bilimleri,1,139,3,Erkek,100,2,2,Sağlık Temsilcisi,4,Boşanmış,5163,15850,5,Hayır,14,3,4,80,1,17,2,4,1,0,0,0
59,Hayır,Seyahat Etmez,1420,İnsan Kaynakları,2,4,İnsan Kaynakları,1,140,3,Kadın,32,2,5,Yönetici,4,Evli,18844,21922,9,Hayır,21,4,4,80,1,30,3,3,3,2,2,2
50,Hayır,Sık Seyahat,1115,Araştırma ve Geliştirme,1,3,Fen Bilimleri,1,141,1,Kadın,73,3,5,Araştırma Direktörü,2,Evli,18172,9755,3,Evet,19,3,1,80,0,28,1,2,8,3,0,7
25,Evet,Seyrek Seyahat,240,Satış,5,3,Pazarlama,1,142,3,Erkek,46,2,2,Satış Yöneticisi,3,Bekar,5744,26959,1,Evet,11,3,4,80,0,6,1,3,6,4,0,3
25,Hayır,Seyrek Seyahat,1280,Araştırma ve Geliştirme,7,1,Tıp,1,143,4,Erkek,64,2,1,Araştırma Bilimcisi,4,Evli,2889,26897,1,Hayır,11,3,3,80,2,2,2,3,2,2,2,1
22,Hayır,Seyrek Seyahat,534,Araştırma ve Geliştirme,15,3,Tıp,1,144,2,Kadın,59,3,1,Laboratuvar Teknikeri,4,Bekar,2871,23785,1,Hayır,15,3,3,80,0,1,5,3,0,0,0,0
51,Hayır,Sık Seyahat,1456,Araştırma ve Geliştirme,1,4,Tıp,1,145,1,Kadın,30,2,3,Sağlık Temsilcisi,1,Bekar,7484,25796,3,Hayır,20,4,3,80,0,23,1,2,13,12,12,8
34,Evet,Sık Seyahat,658,Araştırma ve Geliştirme,7,3,Fen Bilimleri,1,147,1,Erkek,66,1,2,Laboratuvar Teknikeri,3,Bekar,6074,22887,1,Evet,24,4,4,80,0,9,3,3,9,7,0,6
54,Hayır,Seyahat Etmez,142,İnsan Kaynakları,26,3,İnsan Kaynakları,1,148,4,Kadın,30,4,4,Yönetici,4,Bekar,17328,13871,2,Evet,12,3,3,80,0,23,3,3,5,3,4,4
24,Hayır,Seyrek Seyahat,1127,Araştırma ve Geliştirme,18,1,Fen Bilimleri,1,150,2,Erkek,52,3,1,Laboratuvar Teknikeri,3,Evli,2774,13257,0,Hayır,12,3,3,80,1,6,2,3,5,3,1,2
34,Hayır,Seyrek Seyahat,1031,Araştırma ve Geliştirme,6,4,Fen Bilimleri,1,151,3,Kadın,45,2,2,Araştırma Bilimcisi,2,Boşanmış,4505,15000,6,Hayır,15,3,3,80,1,12,3,3,1,0,0,0
37,Hayır,Seyrek Seyahat,1189,Satış,3,3,Fen Bilimleri,1,152,3,Erkek,87,3,3,Satış Yöneticisi,4,Bekar,7428,14506,2,Hayır,12,3,1,80,0,12,3,3,5,3,1,3
34,Hayır,Seyrek Seyahat,1354,Araştırma ve Geliştirme,5,3,Tıp,1,153,3,Kadın,45,2,3,Yönetici,1,Bekar,11631,5615,2,Hayır,12,3,4,80,0,14,6,3,11,10,5,8
36,Hayır,Sık Seyahat,1467,Satış,11,2,Mühendislik,1,154,2,Kadın,92,3,3,Satış Yöneticisi,4,Evli,9738,22952,0,Hayır,14,3,3,80,1,10,6,3,9,7,2,8
36,Hayır,Seyrek Seyahat,922,Araştırma ve Geliştirme,3,2,Fen Bilimleri,1,155,1,Kadın,39,3,1,Laboratuvar Teknikeri,4,Boşanmış,2835,2561,5,Hayır,22,4,1,80,1,7,2,3,1,0,0,0
43,Hayır,Sık Seyahat,394,Satış,26,2,Fen Bilimleri,1,158,3,Erkek,92,3,4,Yönetici,4,Evli,16959,19494,1,Evet,12,3,4,80,2,25,3,4,25,12,4,12
30,Hayır,Sık Seyahat,1312,Araştırma ve Geliştirme,23,3,Fen Bilimleri,1,159,1,Erkek,96,1,1,Araştırma Bilimcisi,3,Boşanmış,2613,22310,1,Hayır,25,4,3,80,3,10,2,2,10,7,0,9
33,Hayır,Seyahat Etmez,750,Satış,22,2,Pazarlama,1,160,3,Erkek,95,3,2,Satış Yöneticisi,2,Evli,6146,15480,0,Hayır,13,3,1,80,1,8,2,4,7,7,0,7
56,Evet,Seyrek Seyahat,441,Araştırma ve Geliştirme,14,4,Fen Bilimleri,1,161,2,Kadın,72,3,1,Araştırma Bilimcisi,2,Evli,4963,4510,9,Evet,18,3,1,80,3,7,2,3,5,4,4,3
51,Hayır,Seyrek Seyahat,684,Araştırma ve Geliştirme,6,3,Fen Bilimleri,1,162,1,Erkek,51,3,5,Araştırma Direktörü,3,Bekar,19537,6462,7,Hayır,13,3,3,80,0,23,5,3,20,18,15,15
31,Evet,Seyrek Seyahat,249,Satış,6,4,Fen Bilimleri,1,163,2,Erkek,76,1,2,Satış Yöneticisi,3,Evli,6172,20739,4,Evet,18,3,2,80,0,12,3,2,7,7,7,7
26,Hayır,Seyrek Seyahat,841,Araştırma ve Geliştirme,6,3,Diğer,1,164,3,Kadın,46,2,1,Araştırma Bilimcisi,2,Evli,2368,23300,1,Hayır,19,3,3,80,0,5,3,2,5,4,4,3
58,Evet,Seyrek Seyahat,147,Araştırma ve Geliştirme,23,4,Tıp,1,165,4,Kadın,94,3,3,Sağlık Temsilcisi,4,Evli,10312,3465,1,Hayır,12,3,4,80,1,40,3,2,40,10,15,6
19,Evet,Seyrek Seyahat,528,Satış,22,1,Pazarlama,1,167,4,Erkek,50,3,1,Satış Temsilcisi,3,Bekar,1675,26820,1,Evet,19,3,4,80,0,0,2,2,0,0,0,0
22,Hayır,Seyrek Seyahat,594,Araştırma ve Geliştirme,2,1,Mühendislik,1,169,3,Erkek,100,3,1,Laboratuvar Teknikeri,4,Evli,2523,19299,0,Hayır,14,3,3,80,1,3,2,3,2,1,2,1
49,Hayır,Seyrek Seyahat,470,Araştırma ve Geliştirme,20,4,Tıp,1,170,3,Kadın,96,3,2,Üretim Direktörü,1,Evli,6567,5549,1,Hayır,14,3,3,80,0,16,2,2,15,11,5,11
43,Hayır,Sık Seyahat,957,Araştırma ve Geliştirme,28,3,Tıp,1,171,2,Kadın,72,4,1,Araştırma Bilimcisi,3,Bekar,4739,16090,4,Hayır,12,3,4,80,0,18,2,3,3,2,1,2
50,Hayır,Sık Seyahat,809,Satış,12,3,Pazarlama,1,174,3,Kadın,77,3,3,Satış Yöneticisi,4,Bekar,9208,6645,4,Hayır,11,3,4,80,0,16,3,3,2,2,2,1
31,Evet,Seyrek Seyahat,542,Satış,20,3,Fen Bilimleri,1,175,2,Kadın,71,1,2,Satış Yöneticisi,3,Evli,4559,24788,3,Evet,11,3,3,80,1,4,2,3,2,2,2,2
41,Hayır,Seyrek Seyahat,802,Satış,9,1,Fen Bilimleri,1,176,3,Erkek,96,3,3,Satış Yöneticisi,3,Boşanmış,8189,21196,3,Evet,13,3,3,80,1,12,2,3,9,7,0,7
26,Hayır,Seyrek Seyahat,1355,İnsan Kaynakları,25,1,Fen Bilimleri,1,177,3,Kadın,61,3,1,İnsan Kaynakları,3,Evli,2942,8916,1,Hayır,23,4,4,80,1,8,3,3,8,7,5,7
36,Hayır,Seyrek Seyahat,216,Araştırma ve Geliştirme,6,2,Tıp,1,178,2,Erkek,84,3,2,Üretim Direktörü,2,Boşanmış,4941,2819,6,Hayır,20,4,4,80,2,7,0,3,3,2,0,1
51,Evet,Sık Seyahat,1150,Araştırma ve Geliştirme,8,4,Fen Bilimleri,1,179,1,Erkek,53,1,3,Üretim Direktörü,4,Bekar,10650,25150,2,Hayır,15,3,4,80,0,18,2,3,4,2,0,3
39,Hayır,Seyrek Seyahat,1329,Satış,4,4,Fen Bilimleri,1,182,4,Kadın,47,2,2,Satış Yöneticisi,3,Evli,5902,14590,4,Hayır,14,3,3,80,1,17,1,4,15,11,5,9
25,Hayır,Seyrek Seyahat,959,Satış,28,3,Fen Bilimleri,1,183,1,Erkek,41,2,2,Satış Yöneticisi,3,Evli,8639,24835,2,Hayır,18,3,4,80,0,6,3,3,2,2,2,2
30,Hayır,Seyrek Seyahat,1240,İnsan Kaynakları,9,3,İnsan Kaynakları,1,184,3,Erkek,48,3,2,İnsan Kaynakları,4,Evli,6347,13982,0,Evet,19,3,4,80,0,12,2,1,11,9,4,7
32,Evet,Seyrek Seyahat,1033,Araştırma ve Geliştirme,9,3,Tıp,1,190,1,Kadın,41,3,1,Laboratuvar Teknikeri,1,Bekar,4200,10224,7,Hayır,22,4,1,80,0,10,2,4,5,4,0,4
45,Hayır,Seyrek Seyahat,1316,Araştırma ve Geliştirme,29,3,Tıp,1,192,3,Erkek,83,3,1,Araştırma Bilimcisi,4,Bekar,3452,9752,5,Hayır,13,3,2,80,0,9,2,2,6,5,0,3
38,Hayır,Seyrek Seyahat,364,Araştırma ve Geliştirme,3,5,Mühendislik,1,193,4,Kadın,32,3,2,Araştırma Bilimcisi,3,Bekar,4317,2302,3,Evet,20,4,2,80,0,19,2,3,3,2,2,2
30,Hayır,Seyrek Seyahat,438,Araştırma ve Geliştirme,18,3,Fen Bilimleri,1,194,1,Kadın,75,3,1,Araştırma Bilimcisi,3,Bekar,2632,23910,1,Hayır,14,3,3,80,0,5,4,2,5,4,0,4
32,Hayır,Sık Seyahat,689,Satış,9,2,Tıp,1,195,4,Erkek,35,1,2,Satış Yöneticisi,4,Boşanmış,4668,22812,0,Hayır,17,3,4,80,3,9,2,4,8,7,0,7
30,Hayır,Seyrek Seyahat,201,Araştırma ve Geliştirme,5,3,Mühendislik,1,197,4,Kadın,84,3,1,Araştırma Bilimcisi,1,Boşanmış,3204,10415,5,Hayır,14,3,4,80,1,8,3,3,3,2,2,2
30,Hayır,Seyrek Seyahat,1427,Araştırma ve Geliştirme,2,1,Tıp,1,198,2,Erkek,35,2,1,Laboratuvar Teknikeri,4,Bekar,2720,11162,0,Hayır,13,3,4,80,0,6,3,3,5,3,1,2
41,Hayır,Sık Seyahat,857,Araştırma ve Geliştirme,10,3,Fen Bilimleri,1,199,4,Erkek,91,2,4,Yönetici,1,Boşanmış,17181,12888,4,Hayır,13,3,2,80,1,21,2,2,7,6,7,7
41,Hayır,Seyrek Seyahat,933,Araştırma ve Geliştirme,9,4,Fen Bilimleri,1,200,3,Erkek,94,3,1,Laboratuvar Teknikeri,1,Evli,2238,6961,2,Hayır,21,4,4,80,1,7,2,3,5,0,1,4
19,Hayır,Seyrek Seyahat,1181,Araştırma ve Geliştirme,3,1,Tıp,1,201,2,Kadın,79,3,1,Laboratuvar Teknikeri,2,Bekar,1483,16102,1,Hayır,14,3,4,80,0,1,3,3,1,0,0,0
40,Hayır,Sık Seyahat,1395,Araştırma ve Geliştirme,26,3,Tıp,1,202,2,Kadın,54,3,2,Araştırma Bilimcisi,2,Boşanmış,5605,8504,1,Hayır,11,3,1,80,1,20,2,3,20,7,2,13
35,Hayır,Seyrek Seyahat,662,Satış,1,5,Pazarlama,1,204,3,Erkek,94,3,3,Satış Yöneticisi,2,Evli,7295,11439,1,Hayır,13,3,1,80,2,10,3,3,10,8,0,6
53,Hayır,Seyrek Seyahat,1436,Satış,6,2,Pazarlama,1,205,2,Erkek,34,3,2,Satış Temsilcisi,3,Evli,2306,16047,2,Evet,20,4,4,80,1,13,3,1,7,7,4,5
45,Hayır,Seyrek Seyahat,194,Araştırma ve Geliştirme,9,3,Fen Bilimleri,1,206,2,Erkek,60,3,2,Laboratuvar Teknikeri,2,Boşanmış,2348,10901,8,Hayır,18,3,3,80,1,20,2,1,17,9,0,15
32,Hayır,Sık Seyahat,967,Satış,8,3,Pazarlama,1,207,2,Kadın,43,3,3,Satış Yöneticisi,4,Bekar,8998,15589,1,Hayır,14,3,4,80,0,9,2,3,9,8,3,7
29,Hayır,Seyahat Etmez,1496,Araştırma ve Geliştirme,1,1,Mühendislik,1,208,4,Erkek,41,3,2,Üretim Direktörü,3,Evli,4319,26283,1,Hayır,13,3,1,80,1,10,1,3,10,7,0,9
51,Hayır,Seyrek Seyahat,1169,Araştırma ve Geliştirme,7,4,Tıp,1,211,2,Erkek,34,2,2,Üretim Direktörü,3,Evli,6132,13983,2,Hayır,17,3,3,80,0,10,2,3,1,0,0,0
58,Hayır,Seyrek Seyahat,1145,Araştırma ve Geliştirme,9,3,Tıp,1,214,2,Kadın,75,2,1,Araştırma Bilimcisi,2,Evli,3346,11873,4,Evet,20,4,2,80,1,9,3,2,1,0,0,0
40,Hayır,Seyrek Seyahat,630,Satış,4,4,Pazarlama,1,215,3,Erkek,67,2,3,Satış Yöneticisi,4,Evli,10855,8552,7,Hayır,11,3,1,80,1,15,2,2,12,11,2,11
34,Hayır,Sık Seyahat,303,Satış,2,4,Pazarlama,1,216,3,Kadın,75,3,1,Satış Temsilcisi,3,Evli,2231,11314,6,Hayır,18,3,4,80,1,6,3,3,4,3,1,2
22,Hayır,Seyrek Seyahat,1256,Araştırma ve Geliştirme,19,1,Tıp,1,217,3,Erkek,80,3,1,Araştırma Bilimcisi,4,Evli,2323,11992,1,Hayır,24,4,1,80,2,2,6,3,2,2,2,2
27,Hayır,Seyahat Etmez,691,Araştırma ve Geliştirme,9,3,Tıp,1,218,4,Erkek,57,3,1,Araştırma Bilimcisi,2,Boşanmış,2024,5970,6,Hayır,18,3,4,80,1,6,1,1,2,2,2,2
28,Hayır,Seyrek Seyahat,440,Araştırma ve Geliştirme,21,3,Tıp,1,221,3,Erkek,42,3,1,Araştırma Bilimcisi,4,Evli,2713,6672,1,Hayır,11,3,3,80,1,5,2,1,5,2,0,2
57,Hayır,Seyrek Seyahat,334,Araştırma ve Geliştirme,24,2,Fen Bilimleri,1,223,3,Erkek,83,4,3,Sağlık Temsilcisi,4,Boşanmış,9439,23402,3,Evet,16,3,2,80,1,12,2,1,5,3,1,4
27,Hayır,Seyahat Etmez,1450,Araştırma ve Geliştirme,3,3,Tıp,1,224,3,Erkek,79,2,1,Araştırma Bilimcisi,3,Boşanmış,2566,25326,1,Evet,15,3,4,80,1,1,2,2,1,1,0,1
50,Hayır,Seyrek Seyahat,1452,Araştırma ve Geliştirme,11,3,Fen Bilimleri,1,226,3,Kadın,53,3,5,Yönetici,2,Bekar,19926,17053,3,Hayır,15,3,2,80,0,21,5,3,5,4,4,4
41,Hayır,Seyrek Seyahat,465,Araştırma ve Geliştirme,14,3,Fen Bilimleri,1,227,1,Erkek,56,3,1,Araştırma Bilimcisi,3,Boşanmış,2451,4609,4,Hayır,12,3,1,80,1,13,2,3,9,8,1,8
30,Hayır,Seyrek Seyahat,1339,Satış,5,3,Fen Bilimleri,1,228,2,Kadın,41,3,3,Satış Yöneticisi,4,Evli,9419,8053,2,Hayır,12,3,3,80,1,12,2,3,10,9,7,4
38,Hayır,Seyrek Seyahat,702,Satış,1,4,Fen Bilimleri,1,230,1,Kadın,59,2,2,Satış Yöneticisi,4,Bekar,8686,12930,4,Hayır,22,4,3,80,0,12,2,4,8,3,0,7
32,Hayır,Seyrek Seyahat,120,Araştırma ve Geliştirme,6,5,Fen Bilimleri,1,231,3,Erkek,43,3,1,Araştırma Bilimcisi,3,Bekar,3038,12430,3,Hayır,20,4,1,80,0,8,2,3,5,4,1,4
27,Hayır,Seyrek Seyahat,1157,Araştırma ve Geliştirme,17,3,Mühendislik,1,233,3,Erkek,51,3,1,Araştırma Bilimcisi,2,Evli,3058,13364,0,Evet,16,3,4,80,1,6,3,2,5,2,1,1
19,Evet,Sık Seyahat,602,Satış,1,1,Mühendislik,1,235,3,Kadın,100,1,1,Satış Temsilcisi,1,Bekar,2325,20989,0,Hayır,21,4,1,80,0,1,5,4,0,0,0,0
36,Hayır,Sık Seyahat,1480,Araştırma ve Geliştirme,3,2,Tıp,1,238,4,Erkek,30,3,1,Laboratuvar Teknikeri,2,Bekar,2088,15062,4,Hayır,12,3,3,80,0,13,3,2,8,7,7,2
30,Hayır,Seyahat Etmez,111,Araştırma ve Geliştirme,9,3,Tıp,1,239,3,Erkek,66,3,2,Laboratuvar Teknikeri,1,Boşanmış,3072,11012,1,Hayır,11,3,3,80,2,12,4,3,12,9,6,10
45,Hayır,Seyrek Seyahat,1268,Satış,4,2,Fen Bilimleri,1,240,3,Kadın,30,3,2,Satış Yöneticisi,1,Boşanmış,5006,6319,4,Evet,11,3,1,80,1,9,3,4,5,4,0,3
56,Hayır,Seyrek Seyahat,713,Araştırma ve Geliştirme,8,3,Fen Bilimleri,1,241,3,Kadın,67,3,1,Araştırma Bilimcisi,1,Boşanmış,4257,13939,4,Evet,18,3,3,80,1,19,3,3,2,2,2,2
33,Hayır,Seyrek Seyahat,134,Araştırma ve Geliştirme,2,3,Fen Bilimleri,1,242,3,Erkek,90,3,1,Araştırma Bilimcisi,4,Bekar,2500,10515,0,Hayır,14,3,1,80,0,4,2,4,3,1,0,2
19,Evet,Seyrek Seyahat,303,Araştırma ve Geliştirme,2,3,Fen Bilimleri,1,243,2,Erkek,47,2,1,Laboratuvar Teknikeri,4,Bekar,1102,9241,1,Hayır,22,4,3,80,0,1,3,2,1,0,1,0
46,Hayır,Seyrek Seyahat,526,Satış,1,2,Pazarlama,1,244,2,Kadın,92,3,3,Satış Yöneticisi,1,Boşanmış,10453,2137,1,Hayır,25,4,3,80,3,24,2,3,24,13,15,7
38,Hayır,Seyrek Seyahat,1380,Araştırma ve Geliştirme,9,2,Fen Bilimleri,1,245,3,Kadın,75,3,1,Laboratuvar Teknikeri,4,Bekar,2288,6319,1,Hayır,12,3,3,80,0,2,3,3,2,2,2,1
31,Hayır,Seyrek Seyahat,140,Araştırma ve Geliştirme,12,1,Tıp,1,246,3,Kadın,95,3,1,Araştırma Bilimcisi,4,Evli,3929,6984,8,Evet,23,4,3,80,1,7,0,3,4,2,0,2
34,Hayır,Seyrek Seyahat,629,Araştırma ve Geliştirme,27,2,Tıp,1,247,4,Kadın,95,3,1,Araştırma Bilimcisi,2,Bekar,2311,5711,2,Hayır,15,3,4,80,0,9,3,3,3,2,1,2
41,Evet,Seyrek Seyahat,1356,Satış,20,2,Pazarlama,1,248,2,Kadın,70,3,1,Satış Temsilcisi,2,Bekar,3140,21728,1,Evet,22,4,4,80,0,4,5,2,4,3,0,2
50,Hayır,Seyrek Seyahat,328,Araştırma ve Geliştirme,1,3,Tıp,1,249,3,Erkek,86,2,1,Laboratuvar Teknikeri,3,Evli,3690,3425,2,Hayır,15,3,4,80,1,5,2,2,3,2,0,2
53,Hayır,Seyrek Seyahat,1084,Araştırma ve Geliştirme,13,2,Tıp,1,250,4,Kadın,57,4,2,Üretim Direktörü,1,Boşanmış,4450,26250,1,Hayır,11,3,3,80,2,5,3,3,4,2,1,3
33,Hayır,Seyrek Seyahat,931,Araştırma ve Geliştirme,14,3,Tıp,1,252,4,Kadın,72,3,1,Araştırma Bilimcisi,2,Evli,2756,4673,1,Hayır,13,3,4,80,1,8,5,3,8,7,1,6
40,Hayır,Seyrek Seyahat,989,Araştırma ve Geliştirme,4,1,Tıp,1,253,4,Kadın,46,3,5,Yönetici,3,Evli,19033,6499,1,Hayır,14,3,2,80,1,21,2,3,20,8,9,9
55,Hayır,Seyrek Seyahat,692,Araştırma ve Geliştirme,14,4,Tıp,1,254,3,Erkek,61,4,5,Araştırma Direktörü,2,Bekar,18722,13339,8,Hayır,11,3,4,80,0,36,3,3,24,15,2,15
34,Hayır,Sık Seyahat,1069,Araştırma ve Geliştirme,2,1,Fen Bilimleri,1,256,4,Erkek,45,2,2,Üretim Direktörü,3,Evli,9547,14074,1,Hayır,17,3,3,80,0,10,2,2,10,9,1,9
51,Hayır,Seyrek Seyahat,313,Araştırma ve Geliştirme,3,3,Tıp,1,258,4,Kadın,98,3,4,Sağlık Temsilcisi,2,Bekar,13734,7192,3,Hayır,18,3,3,80,0,21,6,3,7,7,1,0
52,Hayır,Seyrek Seyahat,699,Araştırma ve Geliştirme,1,4,Fen Bilimleri,1,259,3,Erkek,65,2,5,Yönetici,3,Evli,19999,5678,0,Hayır,14,3,1,80,1,34,5,3,33,18,11,9
27,Hayır,Seyrek Seyahat,894,Araştırma ve Geliştirme,9,3,Tıp,1,260,4,Kadın,99,3,1,Araştırma Bilimcisi,2,Bekar,2279,11781,1,Hayır,16,3,4,80,0,7,2,2,7,7,0,3
35,Evet,Seyrek Seyahat,556,Araştırma ve Geliştirme,23,2,Fen Bilimleri,1,261,2,Erkek,50,2,2,Üretim Direktörü,3,Evli,5916,15497,3,Evet,13,3,1,80,0,8,1,3,1,0,0,1
43,Hayır,Seyahat Etmez,1344,Araştırma ve Geliştirme,7,3,Tıp,1,262,4,Erkek,37,4,1,Araştırma Bilimcisi,4,Boşanmış,2089,5228,4,Hayır,14,3,4,80,3,7,3,4,5,4,2,2
45,Hayır,Seyahat Etmez,1195,Araştırma ve Geliştirme,2,2,Tıp,1,264,1,Erkek,65,2,4,Yönetici,4,Evli,16792,20462,9,Hayır,23,4,4,80,1,22,1,3,20,8,11,8
37,Hayır,Seyrek Seyahat,290,Araştırma ve Geliştirme,21,3,Fen Bilimleri,1,267,2,Erkek,65,4,1,Araştırma Bilimcisi,1,Evli,3564,22977,1,Evet,12,3,1,80,1,8,3,2,8,7,1,7
35,Hayır,Sık Seyahat,138,Araştırma ve Geliştirme,2,3,Tıp,1,269,2,Kadın,37,3,2,Laboratuvar Teknikeri,2,Bekar,4425,15986,5,Hayır,11,3,4,80,0,10,5,3,6,2,1,2
42,Hayır,Seyahat Etmez,926,Araştırma ve Geliştirme,21,2,Tıp,1,270,3,Kadın,36,3,2,Üretim Direktörü,3,Boşanmış,5265,16439,2,Hayır,16,3,2,80,1,11,5,3,5,3,0,2
38,Hayır,Seyrek Seyahat,1261,Araştırma ve Geliştirme,2,4,Fen Bilimleri,1,271,4,Erkek,88,3,2,Üretim Direktörü,3,Evli,6553,7259,9,Hayır,14,3,2,80,0,14,3,3,1,0,0,0
38,Hayır,Seyrek Seyahat,1084,Araştırma ve Geliştirme,29,3,Mühendislik,1,273,4,Erkek,54,3,2,Üretim Direktörü,4,Evli,6261,4185,3,Hayır,18,3,1,80,1,9,3,1,7,7,1,7
27,Hayır,Sık Seyahat,472,Araştırma ve Geliştirme,1,1,Mühendislik,1,274,3,Erkek,60,2,2,Üretim Direktörü,1,Evli,4298,9679,5,Hayır,19,3,3,80,1,6,1,3,2,2,2,0
49,Hayır,Seyahat Etmez,1002,Araştırma ve Geliştirme,18,4,Fen Bilimleri,1,275,4,Erkek,92,3,2,Üretim Direktörü,4,Boşanmış,6804,23793,1,Evet,15,3,1,80,2,7,0,3,7,7,1,7
34,Hayır,Sık Seyahat,878,Araştırma ve Geliştirme,10,4,Tıp,1,277,4,Erkek,43,3,1,Araştırma Bilimcisi,3,Boşanmış,3815,5972,1,Evet,17,3,4,80,1,5,4,4,5,3,2,0
40,Hayır,Seyrek Seyahat,905,Araştırma ve Geliştirme,19,2,Tıp,1,281,3,Erkek,99,3,2,Laboratuvar Teknikeri,4,Evli,2741,16523,8,Evet,15,3,3,80,1,15,2,4,7,2,3,7
38,Evet,Seyrek Seyahat,1180,Araştırma ve Geliştirme,29,1,Tıp,1,282,2,Erkek,70,3,2,Sağlık Temsilcisi,1,Evli,6673,11354,7,Evet,19,3,2,80,0,17,2,3,1,0,0,0
29,Evet,Seyrek Seyahat,121,Satış,27,3,Pazarlama,1,283,2,Kadın,35,3,3,Satış Yöneticisi,4,Evli,7639,24525,1,Hayır,22,4,4,80,3,10,3,2,10,4,1,9
22,Hayır,Seyrek Seyahat,1136,Araştırma ve Geliştirme,5,3,Fen Bilimleri,1,284,4,Erkek,60,4,1,Araştırma Bilimcisi,2,Boşanmış,2328,12392,1,Evet,16,3,1,80,1,4,2,2,4,2,2,2
36,Hayır,Sık Seyahat,635,Araştırma ve Geliştirme,18,1,Tıp,1,286,2,Kadın,73,3,1,Laboratuvar Teknikeri,4,Bekar,2153,7703,1,Hayır,13,3,1,80,0,8,2,3,8,1,1,7
40,Hayır,Seyahat Etmez,1151,Araştırma ve Geliştirme,9,5,Fen Bilimleri,1,287,4,Erkek,63,2,2,Sağlık Temsilcisi,4,Evli,4876,14242,9,Hayır,14,3,4,80,1,5,5,1,3,2,0,2
46,Hayır,Seyrek Seyahat,644,Araştırma ve Geliştirme,1,4,Tıp,1,288,4,Erkek,97,3,3,Sağlık Temsilcisi,1,Boşanmış,9396,12368,7,Hayır,16,3,3,80,1,17,3,3,4,2,0,3
32,Evet,Seyrek Seyahat,1045,Satış,4,4,Tıp,1,291,4,Erkek,32,1,3,Satış Yöneticisi,4,Evli,10400,25812,1,Hayır,11,3,3,80,0,14,2,2,14,8,9,8
30,Hayır,Seyahat Etmez,829,Araştırma ve Geliştirme,1,1,Fen Bilimleri,1,292,3,Erkek,88,2,3,Üretim Direktörü,3,Bekar,8474,20925,1,Hayır,22,4,3,80,0,12,2,3,11,8,5,8
27,Hayır,Sık Seyahat,1242,Satış,20,3,Fen Bilimleri,1,293,4,Kadın,90,3,2,Satış Yöneticisi,3,Bekar,9981,12916,1,Hayır,14,3,4,80,0,7,2,3,7,7,0,7
51,Hayır,Seyrek Seyahat,1469,Araştırma ve Geliştirme,8,4,Fen Bilimleri,1,296,2,Erkek,81,2,3,Araştırma Direktörü,2,Evli,12490,15736,5,Hayır,16,3,4,80,2,16,5,1,10,9,4,7
30,Evet,Seyrek Seyahat,1005,Araştırma ve Geliştirme,3,3,Mühendislik,1,297,4,Kadın,88,3,1,Araştırma Bilimcisi,1,Bekar,2657,8556,5,Evet,11,3,3,80,0,8,5,3,5,2,0,4
41,Hayır,Seyrek Seyahat,896,Satış,6,3,Fen Bilimleri,1,298,4,Kadın,75,3,3,Yönetici,4,Bekar,13591,14674,3,Evet,18,3,3,80,0,16,3,3,1,0,0,0
30,Evet,Sık Seyahat,334,Satış,26,4,Pazarlama,1,299,3,Kadın,52,2,2,Satış Yöneticisi,1,Bekar,6696,22967,5,Hayır,15,3,3,80,0,9,5,2,6,3,0,1
29,Evet,Seyrek Seyahat,992,Araştırma ve Geliştirme,1,3,Mühendislik,1,300,3,Erkek,85,3,1,Araştırma Bilimcisi,3,Bekar,2058,19757,0,Hayır,14,3,4,80,0,7,1,2,6,2,1,5
45,Hayır,Seyahat Etmez,1052,Satış,6,3,Tıp,1,302,4,Kadın,57,2,3,Satış Yöneticisi,4,Bekar,8865,16840,6,Hayır,12,3,4,80,0,23,2,3,19,7,12,8
54,Hayır,Seyrek Seyahat,1147,Satış,3,3,Pazarlama,1,303,4,Kadın,52,3,2,Satış Yöneticisi,1,Evli,5940,17011,2,Hayır,14,3,4,80,1,16,4,3,6,2,0,5
36,Hayır,Seyrek Seyahat,1396,Araştırma ve Geliştirme,5,2,Fen Bilimleri,1,304,4,Erkek,62,3,2,Laboratuvar Teknikeri,2,Bekar,5914,9945,8,Hayır,16,3,4,80,0,16,3,4,13,11,3,7
33,Hayır,Seyrek Seyahat,147,Araştırma ve Geliştirme,4,4,Tıp,1,305,3,Kadın,47,2,1,Araştırma Bilimcisi,2,Evli,2622,13248,6,Hayır,21,4,4,80,0,7,3,3,3,2,1,1
37,Hayır,Sık Seyahat,663,Araştırma ve Geliştirme,11,3,Diğer,1,306,2,Erkek,47,3,3,Araştırma Direktörü,4,Boşanmış,12185,10056,1,Evet,14,3,3,80,3,10,1,3,10,8,0,7
38,Hayır,Seyrek Seyahat,119,Satış,3,3,Fen Bilimleri,1,307,1,Erkek,76,3,3,Satış Yöneticisi,3,Boşanmış,10609,9647,0,Hayır,12,3,3,80,2,17,6,2,16,10,5,13
31,Hayır,Seyahat Etmez,979,Araştırma ve Geliştirme,1,4,Tıp,1,308,3,Erkek,90,1,2,Üretim Direktörü,3,Evli,4345,4381,0,Hayır,12,3,4,80,1,6,2,3,5,4,1,4
59,Hayır,Seyrek Seyahat,142,Araştırma ve Geliştirme,3,3,Fen Bilimleri,1,309,3,Erkek,70,2,1,Araştırma Bilimcisi,4,Evli,2177,8456,3,Hayır,17,3,1,80,1,7,6,3,1,0,0,0
37,Hayır,Sık Seyahat,319,Satış,4,4,Pazarlama,1,311,1,Erkek,41,3,1,Satış Temsilcisi,4,Boşanmış,2793,2539,4,Hayır,17,3,3,80,1,13,2,3,9,8,5,8
29,Hayır,Sık Seyahat,1413,Satış,1,1,Tıp,1,312,2,Kadın,42,3,3,Satış Yöneticisi,4,Evli,7918,6599,1,Hayır,14,3,4,80,1,11,5,3,11,10,4,1
35,Hayır,Sık Seyahat,944,Satış,1,3,Pazarlama,1,314,3,Kadın,92,3,3,Satış Yöneticisi,3,Bekar,8789,9096,1,Hayır,14,3,1,80,0,10,3,4,10,7,0,8
29,Evet,Seyrek Seyahat,896,Araştırma ve Geliştirme,18,1,Tıp,1,315,3,Erkek,86,2,1,Araştırma Bilimcisi,4,Bekar,2389,14961,1,Evet,13,3,3,80,0,4,3,2,4,3,0,1
52,Hayır,Seyrek Seyahat,1323,Araştırma ve Geliştirme,2,3,Fen Bilimleri,1,316,3,Kadın,89,2,1,Laboratuvar Teknikeri,4,Bekar,3212,3300,7,Hayır,15,3,2,80,0,6,3,2,2,2,2,2
42,Hayır,Seyrek Seyahat,532,Araştırma ve Geliştirme,4,2,Mühendislik,1,319,3,Erkek,58,3,5,Yönetici,4,Evli,19232,4933,1,Hayır,11,3,4,80,0,22,3,3,22,17,11,15
59,Hayır,Seyrek Seyahat,818,İnsan Kaynakları,6,2,Tıp,1,321,2,Erkek,52,3,1,İnsan Kaynakları,3,Evli,2267,25657,8,Hayır,17,3,4,80,0,7,2,2,2,2,2,2
50,Hayır,Seyrek Seyahat,854,Satış,1,4,Tıp,1,323,4,Kadın,68,3,5,Yönetici,4,Boşanmış,19517,24118,3,Hayır,11,3,3,80,1,32,3,2,7,0,0,6
33,Evet,Seyrek Seyahat,813,Araştırma ve Geliştirme,14,3,Tıp,1,325,3,Erkek,58,3,1,Laboratuvar Teknikeri,4,Evli,2436,22149,5,Evet,13,3,3,80,1,8,2,1,5,4,0,4
43,Hayır,Seyrek Seyahat,1034,Satış,16,3,Pazarlama,1,327,4,Kadın,80,3,4,Yönetici,4,Evli,16064,7744,5,Evet,22,4,3,80,1,22,3,3,17,13,1,9
33,Evet,Seyrek Seyahat,465,Araştırma ve Geliştirme,2,2,Fen Bilimleri,1,328,1,Kadın,39,3,1,Laboratuvar Teknikeri,1,Evli,2707,21509,7,Hayır,20,4,1,80,0,13,3,4,9,7,1,7
52,Hayır,Seyahat Etmez,771,Satış,2,4,Fen Bilimleri,1,329,1,Erkek,79,2,5,Yönetici,3,Bekar,19068,21030,1,Evet,18,3,4,80,0,33,2,4,33,7,15,12
32,Hayır,Seyrek Seyahat,1401,Satış,4,2,Fen Bilimleri,1,330,3,Kadın,56,3,1,Satış Temsilcisi,2,Evli,3931,20990,2,Hayır,11,3,1,80,1,6,5,3,4,3,1,2
32,Evet,Seyrek Seyahat,515,Araştırma ve Geliştirme,1,3,Fen Bilimleri,1,331,4,Erkek,62,2,1,Laboratuvar Teknikeri,3,Bekar,3730,9571,0,Evet,14,3,4,80,0,4,2,1,3,2,1,2
39,Hayır,Seyrek Seyahat,1431,Araştırma ve Geliştirme,1,4,Tıp,1,332,3,Kadın,96,3,1,Laboratuvar Teknikeri,3,Boşanmış,2232,15417,7,Hayır,14,3,3,80,3,7,1,3,3,2,1,2
32,Hayır,Seyahat Etmez,976,Satış,26,4,Pazarlama,1,333,3,Erkek,100,3,2,Satış Yöneticisi,4,Evli,4465,12069,0,Hayır,18,3,1,80,0,4,2,3,3,2,2,2
41,Hayır,Seyrek Seyahat,1411,Araştırma ve Geliştirme,19,2,Fen Bilimleri,1,334,3,Erkek,36,3,2,Araştırma Bilimcisi,1,Boşanmış,3072,19877,2,Hayır,16,3,1,80,2,17,2,2,1,0,0,0
40,Hayır,Seyrek Seyahat,1300,Araştırma ve Geliştirme,24,2,Mühendislik,1,335,1,Erkek,62,3,2,Araştırma Bilimcisi,4,Boşanmış,3319,24447,1,Hayır,17,3,1,80,2,9,3,3,9,8,4,7
45,Hayır,Seyrek Seyahat,252,Araştırma ve Geliştirme,1,3,Diğer,1,336,3,Erkek,70,4,5,Yönetici,4,Evli,19202,15970,0,Hayır,11,3,3,80,1,25,2,3,24,0,1,7
31,Hayır,Sık Seyahat,1327,Araştırma ve Geliştirme,3,4,Tıp,1,337,2,Erkek,73,3,3,Araştırma Direktörü,3,Boşanmış,13675,13523,9,Hayır,12,3,1,80,1,9,3,3,2,2,2,2
33,Hayır,Seyrek Seyahat,832,Araştırma ve Geliştirme,5,4,Fen Bilimleri,1,338,3,Kadın,63,2,1,Araştırma Bilimcisi,4,Evli,2911,14776,1,Hayır,13,3,3,80,1,2,2,2,2,2,0,2
34,Hayır,Seyrek Seyahat,470,Araştırma ve Geliştirme,2,4,Fen Bilimleri,1,339,4,Erkek,84,2,2,Üretim Direktörü,1,Evli,5957,23687,6,Hayır,13,3,2,80,1,13,3,3,11,9,5,9
37,Hayır,Seyrek Seyahat,1017,Araştırma ve Geliştirme,1,2,Tıp,1,340,3,Kadın,83,2,1,Araştırma Bilimcisi,1,Evli,3920,18697,2,Hayır,14,3,1,80,1,17,2,2,3,1,0,2
45,Hayır,Sık Seyahat,1199,Araştırma ve Geliştirme,7,4,Fen Bilimleri,1,341,1,Erkek,77,4,2,Üretim Direktörü,3,Evli,6434,5118,4,Hayır,17,3,4,80,1,9,1,3,3,2,0,2
37,Evet,Sık Seyahat,504,Araştırma ve Geliştirme,10,3,Tıp,1,342,1,Erkek,61,3,3,Üretim Direktörü,3,Boşanmış,10048,22573,6,Hayır,11,3,2,80,2,17,5,3,1,0,0,0
39,Hayır,Sık Seyahat,505,Araştırma ve Geliştirme,2,4,Mühendislik,1,343,3,Kadın,64,3,3,Sağlık Temsilcisi,3,Bekar,10938,6420,0,Hayır,25,4,4,80,0,20,1,3,19,6,11,8
29,Hayır,Seyrek Seyahat,665,Araştırma ve Geliştirme,15,3,Fen Bilimleri,1,346,3,Erkek,60,3,1,Araştırma Bilimcisi,4,Bekar,2340,22673,1,Hayır,19,3,1,80,0,6,1,3,6,5,1,5
42,Hayır,Seyrek Seyahat,916,Araştırma ve Geliştirme,17,2,Fen Bilimleri,1,347,4,Kadın,82,4,2,Araştırma Bilimcisi,1,Bekar,6545,23016,3,Evet,13,3,3,80,0,10,1,3,3,2,0,2
29,Hayır,Seyrek Seyahat,1247,Satış,20,2,Pazarlama,1,349,4,Erkek,45,3,2,Satış Yöneticisi,4,Boşanmış,6931,10732,2,Hayır,14,3,4,80,1,10,2,3,3,2,0,2
25,Hayır,Seyrek Seyahat,685,Araştırma ve Geliştirme,1,3,Fen Bilimleri,1,350,1,Kadın,62,3,2,Üretim Direktörü,3,Evli,4898,7505,0,Hayır,12,3,4,80,2,5,3,3,4,2,1,2
42,Hayır,Seyrek Seyahat,269,Araştırma ve Geliştirme,2,3,Tıp,1,351,4,Kadın,56,2,1,Laboratuvar Teknikeri,1,Boşanmış,2593,8007,0,Evet,11,3,3,80,1,10,4,3,9,6,7,8
40,Hayır,Seyrek Seyahat,1416,Araştırma ve Geliştirme,2,2,Tıp,1,352,1,Erkek,49,3,5,Araştırma Direktörü,3,Boşanmış,19436,5949,0,Hayır,19,3,4,80,1,22,5,3,21,7,3,9
51,Hayır,Seyrek Seyahat,833,Araştırma ve Geliştirme,1,3,Fen Bilimleri,1,353,3,Erkek,96,3,1,Araştırma Bilimcisi,4,Evli,2723,23231,1,Hayır,11,3,2,80,0,1,0,2,1,0,0,0
31,Evet,Sık Seyahat,307,Araştırma ve Geliştirme,29,2,Tıp,1,355,3,Erkek,71,2,1,Laboratuvar Teknikeri,2,Bekar,3479,11652,0,Hayır,11,3,2,80,0,6,2,4,5,4,1,4
32,Hayır,Sık Seyahat,1311,Araştırma ve Geliştirme,7,3,Fen Bilimleri,1,359,2,Erkek,100,4,1,Laboratuvar Teknikeri,2,Evli,2794,26062,1,Hayır,20,4,3,80,0,5,3,1,5,1,0,3
38,Hayır,Seyahat Etmez,1327,Satış,2,2,Fen Bilimleri,1,361,4,Erkek,39,2,2,Satış Yöneticisi,4,Evli,5249,19682,3,Hayır,18,3,4,80,1,13,0,3,8,7,7,5
32,Hayır,Seyrek Seyahat,128,Araştırma ve Geliştirme,2,1,Mühendislik,1,362,4,Erkek,84,2,2,Laboratuvar Teknikeri,1,Bekar,2176,19737,4,Hayır,13,3,4,80,0,9,5,3,6,2,0,4
46,Hayır,Seyrek Seyahat,488,Satış,2,3,Mühendislik,1,363,3,Kadın,75,1,4,Yönetici,2,Evli,16872,14977,3,Evet,12,3,2,80,1,28,2,2,7,7,7,7
28,Evet,Seyrek Seyahat,529,Araştırma ve Geliştirme,2,4,Fen Bilimleri,1,364,1,Erkek,79,3,1,Laboratuvar Teknikeri,3,Bekar,3485,14935,2,Hayır,11,3,3,80,0,5,5,1,0,0,0,0
29,Hayır,Seyrek Seyahat,1210,Satış,2,3,Tıp,1,366,1,Erkek,78,2,2,Satış Yöneticisi,2,Evli,6644,3687,2,Hayır,19,3,2,80,2,10,2,3,0,0,0,0
31,Hayır,Seyrek Seyahat,1463,Araştırma ve Geliştirme,23,3,Tıp,1,367,2,Erkek,64,2,2,Sağlık Temsilcisi,4,Evli,5582,14408,0,Hayır,21,4,2,80,1,10,2,3,9,0,7,8
25,Hayır,Seyahat Etmez,675,Araştırma ve Geliştirme,5,2,Fen Bilimleri,1,369,2,Erkek,85,4,2,Sağlık Temsilcisi,1,Boşanmış,4000,18384,1,Hayır,12,3,4,80,2,6,2,3,6,3,1,5
45,Hayır,Seyrek Seyahat,1385,Araştırma ve Geliştirme,20,2,Tıp,1,372,3,Erkek,79,3,4,Sağlık Temsilcisi,4,Evli,13496,7501,0,Evet,14,3,2,80,0,21,2,3,20,7,4,10
36,Hayır,Seyrek Seyahat,1403,Araştırma ve Geliştirme,6,3,Fen Bilimleri,1,373,4,Erkek,47,3,1,Laboratuvar Teknikeri,4,Evli,3210,20251,0,Hayır,11,3,3,80,1,16,4,3,15,13,10,11
55,Hayır,Seyrek Seyahat,452,Araştırma ve Geliştirme,1,3,Tıp,1,374,4,Erkek,81,3,5,Yönetici,1,Bekar,19045,18938,0,Evet,14,3,3,80,0,37,2,3,36,10,4,13
47,Evet,Seyahat Etmez,666,Araştırma ve Geliştirme,29,4,Fen Bilimleri,1,376,1,Erkek,88,3,3,Yönetici,2,Evli,11849,10268,1,Evet,12,3,4,80,1,10,2,2,10,7,9,9
28,Hayır,Seyrek Seyahat,1158,Araştırma ve Geliştirme,9,3,Tıp,1,377,4,Erkek,94,3,1,Araştırma Bilimcisi,4,Evli,2070,2613,1,Hayır,23,4,4,80,1,5,3,2,5,2,0,4
37,Hayır,Seyrek Seyahat,228,Satış,6,4,Tıp,1,378,3,Erkek,98,3,2,Satış Yöneticisi,4,Evli,6502,22825,4,Hayır,14,3,2,80,1,7,5,4,5,4,0,1
21,Hayır,Seyrek Seyahat,996,Araştırma ve Geliştirme,3,2,Tıp,1,379,4,Erkek,100,2,1,Araştırma Bilimcisi,3,Bekar,3230,10531,1,Hayır,17,3,1,80,0,3,4,4,3,2,1,0
37,Hayır,Seyahat Etmez,728,Araştırma ve Geliştirme,1,4,Tıp,1,380,1,Kadın,80,3,3,Araştırma Direktörü,4,Boşanmış,13603,11677,2,Evet,18,3,1,80,2,15,2,3,5,2,0,2
35,Hayır,Seyrek Seyahat,1315,Araştırma ve Geliştirme,22,3,Fen Bilimleri,1,381,2,Kadın,71,4,3,Yönetici,2,Boşanmış,11996,19100,7,Hayır,18,3,2,80,1,10,6,2,7,7,6,2
38,Hayır,Seyrek Seyahat,322,Satış,7,2,Tıp,1,382,1,Kadın,44,4,2,Satış Yöneticisi,1,Boşanmış,5605,19191,1,Evet,24,4,3,80,1,8,3,3,8,0,7,7
26,Hayır,Sık Seyahat,1479,Araştırma ve Geliştirme,1,3,Fen Bilimleri,1,384,3,Kadın,84,3,2,Üretim Direktörü,2,Boşanmış,6397,26767,1,Hayır,20,4,1,80,1,6,6,1,6,5,1,4
50,Hayır,Seyrek Seyahat,797,Araştırma ve Geliştirme,4,1,Fen Bilimleri,1,385,1,Erkek,96,3,5,Araştırma Direktörü,2,Boşanmış,19144,15815,3,Hayır,14,3,1,80,2,28,4,2,10,4,1,6
53,Hayır,Seyrek Seyahat,1070,Araştırma ve Geliştirme,3,4,Tıp,1,386,3,Erkek,45,3,4,Araştırma Direktörü,3,Evli,17584,21016,3,Evet,16,3,4,80,3,21,5,2,5,3,1,3
42,Hayır,Seyrek Seyahat,635,Satış,1,1,Fen Bilimleri,1,387,2,Erkek,99,3,2,Satış Yöneticisi,3,Evli,4907,24532,1,Hayır,25,4,3,80,0,20,3,3,20,16,11,6
29,Hayır,Sık Seyahat,442,Satış,2,2,Fen Bilimleri,1,388,2,Erkek,44,3,2,Satış Yöneticisi,4,Bekar,4554,20260,1,Hayır,18,3,1,80,0,10,3,2,10,7,0,9
55,Hayır,Seyrek Seyahat,147,Araştırma ve Geliştirme,20,2,Mühendislik,1,389,2,Erkek,37,3,2,Laboratuvar Teknikeri,4,Evli,5415,15972,3,Evet,19,3,4,80,1,12,4,3,10,7,0,8
26,Hayır,Sık Seyahat,496,Araştırma ve Geliştirme,11,2,Tıp,1,390,1,Erkek,60,3,2,Sağlık Temsilcisi,1,Evli,4741,22722,1,Evet,13,3,3,80,1,5,3,3,5,3,3,3
37,Hayır,Seyrek Seyahat,1372,Araştırma ve Geliştirme,1,3,Fen Bilimleri,1,391,4,Kadın,42,3,1,Araştırma Bilimcisi,4,Bekar,2115,15881,1,Hayır,12,3,2,80,0,17,3,3,17,12,5,7
44,Evet,Sık Seyahat,920,Araştırma ve Geliştirme,24,3,Fen Bilimleri,1,392,4,Erkek,43,3,1,Laboratuvar Teknikeri,3,Boşanmış,3161,19920,3,Evet,22,4,4,80,1,19,0,1,1,0,0,0
38,Hayır,Seyrek Seyahat,688,Araştırma ve Geliştirme,23,4,Fen Bilimleri,1,393,4,Erkek,82,3,2,Sağlık Temsilcisi,4,Boşanmış,5745,18899,9,Hayır,14,3,2,80,1,10,2,3,2,2,1,2
26,Evet,Seyrek Seyahat,1449,Araştırma ve Geliştirme,16,4,Tıp,1,394,1,Erkek,45,3,1,Laboratuvar Teknikeri,2,Boşanmış,2373,14180,2,Evet,13,3,4,80,1,5,2,3,3,2,0,2
28,Hayır,Seyrek Seyahat,1117,Araştırma ve Geliştirme,8,2,Fen Bilimleri,1,395,4,Kadın,66,3,1,Araştırma Bilimcisi,4,Bekar,3310,4488,1,Hayır,21,4,4,80,0,5,3,3,5,3,0,2
49,Hayır,Sık Seyahat,636,Araştırma ve Geliştirme,10,4,Fen Bilimleri,1,396,3,Kadın,35,3,5,Araştırma Direktörü,1,Bekar,18665,25594,9,Evet,11,3,4,80,0,22,4,3,3,2,1,2
36,Hayır,Seyrek Seyahat,506,Araştırma ve Geliştirme,3,3,Mühendislik,1,397,3,Erkek,30,3,2,Araştırma Bilimcisi,2,Bekar,4485,26285,4,Hayır,12,3,4,80,0,10,2,3,8,0,7,7
31,Hayır,Sık Seyahat,444,Satış,5,3,Pazarlama,1,399,4,Kadın,84,3,1,Satış Temsilcisi,2,Boşanmış,2789,3909,1,Hayır,11,3,3,80,1,2,5,2,2,2,2,2
26,Evet,Seyrek Seyahat,950,Satış,4,4,Pazarlama,1,401,4,Erkek,48,2,2,Satış Yöneticisi,4,Bekar,5828,8450,1,Evet,12,3,2,80,0,8,0,3,8,7,7,4
37,Hayır,Sık Seyahat,889,Araştırma ve Geliştirme,9,3,Tıp,1,403,2,Erkek,53,3,1,Araştırma Bilimcisi,4,Evli,2326,11411,1,Evet,12,3,3,80,3,4,3,2,4,2,1,2
42,Hayır,Sık Seyahat,555,Satış,26,3,Pazarlama,1,404,3,Kadın,77,3,4,Satış Yöneticisi,2,Evli,13525,14864,5,Hayır,14,3,4,80,1,23,2,4,20,4,4,8
18,Evet,Seyrek Seyahat,230,Araştırma ve Geliştirme,3,3,Fen Bilimleri,1,405,3,Erkek,54,3,1,Laboratuvar Teknikeri,3,Bekar,1420,25233,1,Hayır,13,3,3,80,0,0,2,3,0,0,0,0
35,Hayır,Seyrek Seyahat,1232,Satış,16,3,Pazarlama,1,406,3,Erkek,96,3,3,Satış Yöneticisi,2,Evli,8020,5100,0,Hayır,15,3,3,80,2,12,3,2,11,9,6,9
36,Hayır,Sık Seyahat,566,Araştırma ve Geliştirme,18,4,Fen Bilimleri,1,407,3,Erkek,81,4,1,Laboratuvar Teknikeri,4,Evli,3688,7122,4,Hayır,18,3,4,80,2,4,2,3,1,0,0,0
51,Hayır,Seyrek Seyahat,1302,Araştırma ve Geliştirme,2,3,Tıp,1,408,4,Erkek,84,1,2,Üretim Direktörü,2,Boşanmış,5482,16321,5,Hayır,18,3,4,80,1,13,3,3,4,1,1,2
41,Hayır,Seyrek Seyahat,334,Satış,2,4,Fen Bilimleri,1,410,4,Erkek,88,3,4,Yönetici,2,Bekar,16015,15896,1,Hayır,19,3,2,80,0,22,2,3,22,10,0,4
18,Hayır,Seyrek Seyahat,812,Satış,10,3,Tıp,1,411,4,Kadın,69,2,1,Satış Temsilcisi,3,Bekar,1200,9724,1,Hayır,12,3,1,80,0,0,2,3,0,0,0,0
28,Hayır,Seyrek Seyahat,1476,Araştırma ve Geliştirme,16,2,Tıp,1,412,2,Erkek,68,4,2,Sağlık Temsilcisi,1,Bekar,5661,4824,0,Hayır,19,3,3,80,0,9,2,3,8,3,0,7
31,Hayır,Seyrek Seyahat,218,Satış,7,3,Mühendislik,1,416,2,Erkek,100,4,2,Satış Yöneticisi,4,Evli,6929,12241,4,Hayır,11,3,2,80,1,10,3,2,8,7,7,7
39,Hayır,Seyrek Seyahat,1132,Araştırma ve Geliştirme,1,3,Tıp,1,417,3,Erkek,48,4,3,Sağlık Temsilcisi,4,Boşanmış,9613,10942,0,Hayır,17,3,1,80,3,19,5,2,18,10,3,7
36,Hayır,Seyahat Etmez,1105,Araştırma ve Geliştirme,24,4,Fen Bilimleri,1,419,2,Kadın,47,3,2,Laboratuvar Teknikeri,2,Evli,5674,6927,7,Hayır,15,3,3,80,1,11,3,3,9,8,0,8
32,Hayır,Seyrek Seyahat,906,Satış,7,3,Fen Bilimleri,1,420,4,Erkek,91,2,2,Satış Yöneticisi,3,Evli,5484,16985,1,Hayır,14,3,3,80,1,13,3,2,13,8,4,8
38,Hayır,Seyrek Seyahat,849,Araştırma ve Geliştirme,25,2,Fen Bilimleri,1,421,1,Kadın,81,2,3,Araştırma Direktörü,2,Evli,12061,26707,3,Hayır,17,3,3,80,1,19,2,3,10,8,0,1
58,Hayır,Seyahat Etmez,390,Araştırma ve Geliştirme,1,4,Fen Bilimleri,1,422,4,Erkek,32,1,2,Sağlık Temsilcisi,3,Boşanmış,5660,17056,2,Evet,13,3,4,80,1,12,2,3,5,3,1,2
31,Hayır,Seyrek Seyahat,691,Araştırma ve Geliştirme,5,4,Mühendislik,1,423,3,Erkek,86,3,1,Araştırma Bilimcisi,4,Evli,4821,10077,0,Evet,12,3,3,80,1,6,4,3,5,2,0,3
31,Hayır,Seyrek Seyahat,106,İnsan Kaynakları,2,3,İnsan Kaynakları,1,424,1,Erkek,62,2,2,İnsan Kaynakları,1,Evli,6410,17822,3,Hayır,12,3,4,80,0,9,1,3,2,2,1,0
45,Hayır,Sık Seyahat,1249,Araştırma ve Geliştirme,7,3,Fen Bilimleri,1,425,1,Erkek,97,3,3,Laboratuvar Teknikeri,1,Boşanmış,5210,20308,1,Hayır,18,3,1,80,1,24,2,3,24,9,9,11
31,Hayır,Seyrek Seyahat,192,Araştırma ve Geliştirme,2,4,Fen Bilimleri,1,426,3,Erkek,32,3,1,Araştırma Bilimcisi,4,Boşanmış,2695,7747,0,Evet,18,3,2,80,1,3,2,1,2,2,2,2
33,Hayır,Sık Seyahat,553,Araştırma ve Geliştirme,5,4,Fen Bilimleri,1,428,4,Kadın,74,3,3,Yönetici,2,Evli,11878,23364,6,Hayır,11,3,2,80,2,12,2,3,10,6,8,8
39,Hayır,Seyrek Seyahat,117,Araştırma ve Geliştirme,10,1,Tıp,1,429,3,Erkek,99,3,4,Yönetici,1,Evli,17068,5355,1,Evet,14,3,4,80,0,21,3,3,21,9,11,10
43,Hayır,Sık Seyahat,185,Araştırma ve Geliştirme,10,4,Fen Bilimleri,1,430,3,Kadın,33,3,1,Laboratuvar Teknikeri,4,Bekar,2455,10675,0,Hayır,19,3,1,80,0,9,5,3,8,7,1,7
49,Hayır,Seyrek Seyahat,1091,Araştırma ve Geliştirme,1,2,Mühendislik,1,431,3,Kadın,90,2,4,Sağlık Temsilcisi,3,Bekar,13964,17810,7,Evet,12,3,4,80,0,25,2,3,7,1,0,7
52,Evet,Seyrek Seyahat,723,Araştırma ve Geliştirme,8,4,Tıp,1,433,3,Erkek,85,2,2,Araştırma Bilimcisi,2,Evli,4941,17747,2,Hayır,15,3,1,80,0,11,3,2,8,2,7,7
27,Hayır,Seyrek Seyahat,1220,Araştırma ve Geliştirme,5,3,Fen Bilimleri,1,434,3,Kadın,85,3,1,Araştırma Bilimcisi,2,Bekar,2478,20938,1,Evet,12,3,2,80,0,4,2,2,4,3,1,2
32,Hayır,Seyrek Seyahat,588,Satış,8,2,Mühendislik,1,436,3,Kadın,65,2,2,Satış Yöneticisi,2,Evli,5228,24624,1,Evet,11,3,4,80,0,13,2,3,13,12,11,9
27,Hayır,Seyrek Seyahat,1377,Satış,2,3,Fen Bilimleri,1,437,4,Erkek,74,3,2,Satış Yöneticisi,3,Bekar,4478,5242,1,Evet,11,3,1,80,0,5,3,3,5,4,0,4
31,Hayır,Seyrek Seyahat,691,Satış,7,3,Pazarlama,1,438,4,Erkek,73,3,2,Satış Yöneticisi,4,Boşanmış,7547,7143,4,Hayır,12,3,4,80,3,13,3,3,7,7,1,7
32,Hayır,Seyrek Seyahat,1018,Araştırma ve Geliştirme,2,4,Tıp,1,439,1,Kadın,74,4,2,Araştırma Bilimcisi,4,Bekar,5055,10557,7,Hayır,16,3,3,80,0,10,0,2,7,7,0,7
28,Evet,Seyrek Seyahat,1157,Araştırma ve Geliştirme,2,4,Tıp,1,440,1,Erkek,84,1,1,Araştırma Bilimcisi,4,Evli,3464,24737,5,Evet,13,3,4,80,0,5,4,2,3,2,2,2
30,Hayır,Seyrek Seyahat,1275,Araştırma ve Geliştirme,28,2,Tıp,1,441,4,Kadın,64,3,2,Araştırma Bilimcisi,4,Evli,5775,11934,1,Hayır,13,3,4,80,2,11,2,3,10,8,1,9
31,Hayır,Sık Seyahat,798,Araştırma ve Geliştirme,7,2,Fen Bilimleri,1,442,3,Kadın,48,2,3,Üretim Direktörü,3,Evli,8943,14034,1,Hayır,24,4,1,80,1,10,2,3,10,9,8,9
39,Hayır,Sık Seyahat,672,Araştırma ve Geliştirme,7,2,Tıp,1,444,3,Erkek,54,2,5,Yönetici,4,Evli,19272,21141,1,Hayır,15,3,1,80,1,21,2,3,21,9,13,3
39,Evet,Seyrek Seyahat,1162,Satış,3,2,Tıp,1,445,4,Kadın,41,3,2,Satış Yöneticisi,3,Evli,5238,17778,4,Evet,18,3,1,80,0,12,3,2,1,0,0,0
33,Hayır,Sık Seyahat,508,Satış,10,3,Pazarlama,1,446,2,Erkek,46,2,2,Satış Yöneticisi,4,Bekar,4682,4317,3,Hayır,14,3,3,80,0,9,6,2,7,7,0,1
47,Hayır,Seyrek Seyahat,1482,Araştırma ve Geliştirme,5,5,Fen Bilimleri,1,447,4,Erkek,42,3,5,Araştırma Direktörü,3,Evli,18300,16375,4,Hayır,11,3,2,80,1,21,2,3,3,2,1,1
43,Hayır,Sık Seyahat,559,Araştırma ve Geliştirme,10,4,Fen Bilimleri,1,448,3,Kadın,82,2,2,Laboratuvar Teknikeri,3,Boşanmış,5257,6227,1,Hayır,11,3,2,80,1,9,3,4,9,7,0,0
27,Hayır,Seyahat Etmez,210,Satış,1,1,Pazarlama,1,449,3,Erkek,73,3,2,Satış Yöneticisi,2,Evli,6349,22107,0,Evet,13,3,4,80,1,6,0,3,5,4,1,4
54,Hayır,Sık Seyahat,928,Araştırma ve Geliştirme,20,4,Fen Bilimleri,1,450,4,Kadın,31,3,2,Araştırma Bilimcisi,3,Bekar,4869,16885,3,Hayır,12,3,4,80,0,20,4,2,4,3,0,3
43,Hayır,Seyrek Seyahat,1001,Araştırma ve Geliştirme,7,3,Fen Bilimleri,1,451,3,Kadın,43,3,3,Sağlık Temsilcisi,1,Evli,9985,9262,8,Hayır,16,3,1,80,1,10,1,2,1,0,0,0
45,Hayır,Seyrek Seyahat,549,Araştırma ve Geliştirme,8,4,Diğer,1,452,4,Erkek,75,3,2,Araştırma Bilimcisi,4,Evli,3697,9278,9,Hayır,14,3,1,80,2,12,3,3,10,9,9,8
40,Hayır,Seyrek Seyahat,1124,Satış,1,2,Tıp,1,453,2,Erkek,57,1,2,Satış Yöneticisi,4,Evli,7457,13273,2,Evet,22,4,3,80,3,6,2,2,4,3,0,2
29,Evet,Seyrek Seyahat,318,Araştırma ve Geliştirme,8,4,Diğer,1,454,2,Erkek,77,1,1,Laboratuvar Teknikeri,1,Evli,2119,4759,1,Evet,11,3,4,80,0,7,4,2,7,7,0,7
29,Hayır,Seyrek Seyahat,738,Araştırma ve Geliştirme,9,5,Diğer,1,455,2,Erkek,30,2,1,Laboratuvar Teknikeri,4,Bekar,3983,7621,0,Hayır,17,3,3,80,0,4,2,3,3,2,2,2
30,Hayır,Seyrek Seyahat,570,Satış,5,3,Pazarlama,1,456,4,Kadın,30,2,2,Satış Yöneticisi,3,Boşanmış,6118,5431,1,Hayır,13,3,3,80,3,10,2,3,10,9,1,2
27,Hayır,Seyrek Seyahat,1130,Satış,8,4,Pazarlama,1,458,2,Kadın,56,3,2,Satış Yöneticisi,2,Evli,6214,3415,1,Hayır,18,3,1,80,1,8,3,3,8,7,0,7
37,Hayır,Seyrek Seyahat,1192,Araştırma ve Geliştirme,5,2,Tıp,1,460,4,Erkek,61,3,2,Üretim Direktörü,4,Boşanmış,6347,23177,7,Hayır,16,3,3,80,2,8,2,2,6,2,0,4
38,Hayır,Seyrek Seyahat,343,Araştırma ve Geliştirme,15,2,Fen Bilimleri,1,461,3,Erkek,92,2,3,Araştırma Direktörü,4,Boşanmış,11510,15682,0,Evet,14,3,2,80,1,12,3,3,11,10,2,9
31,Hayır,Seyrek Seyahat,1232,Araştırma ve Geliştirme,7,4,Tıp,1,462,3,Kadın,39,3,3,Üretim Direktörü,4,Bekar,7143,25713,1,Evet,14,3,3,80,0,11,2,2,11,9,4,10
29,Hayır,Seyrek Seyahat,144,Satış,10,1,Pazarlama,1,463,4,Kadın,39,2,2,Satış Yöneticisi,2,Boşanmış,8268,11866,1,Evet,14,3,1,80,2,7,2,3,7,7,1,7
35,Hayır,Seyrek Seyahat,1296,Araştırma ve Geliştirme,5,4,Mühendislik,1,464,3,Erkek,62,3,3,Üretim Direktörü,2,Bekar,8095,18264,0,Hayır,13,3,4,80,0,17,5,3,16,6,0,13
23,Hayır,Seyrek Seyahat,1309,Araştırma ve Geliştirme,26,1,Fen Bilimleri,1,465,3,Erkek,83,3,1,Araştırma Bilimcisi,4,Boşanmış,2904,16092,1,Hayır,12,3,3,80,2,4,2,2,4,2,0,2
41,Hayır,Seyrek Seyahat,483,Araştırma ve Geliştirme,6,3,Tıp,1,466,4,Erkek,95,2,2,Üretim Direktörü,2,Bekar,6032,10110,6,Evet,15,3,4,80,0,8,3,3,5,4,1,2
47,Hayır,Sık Seyahat,1309,Satış,4,1,Tıp,1,467,2,Erkek,99,3,2,Satış Temsilcisi,3,Bekar,2976,25751,3,Hayır,19,3,1,80,0,5,3,3,0,0,0,0
42,Hayır,Seyrek Seyahat,810,Araştırma ve Geliştirme,23,5,Fen Bilimleri,1,468,1,Kadın,44,3,4,Araştırma Direktörü,4,Bekar,15992,15901,2,Hayır,14,3,2,80,0,16,2,3,1,0,0,0
29,Hayır,Seyahat Etmez,746,Satış,2,3,Fen Bilimleri,1,469,4,Erkek,61,3,2,Satış Yöneticisi,3,Evli,4649,16928,1,Hayır,14,3,1,80,1,4,3,2,4,3,0,2
42,Hayır,Seyrek Seyahat,544,İnsan Kaynakları,2,1,Mühendislik,1,470,3,Erkek,52,3,1,İnsan Kaynakları,3,Boşanmış,2696,24017,0,Evet,11,3,3,80,1,4,5,3,3,2,1,0
32,Hayır,Seyrek Seyahat,1062,Araştırma ve Geliştirme,2,3,Tıp,1,471,3,Kadın,75,3,1,Laboratuvar Teknikeri,2,Evli,2370,3956,1,Hayır,13,3,3,80,1,8,4,3,8,0,0,7
48,Hayır,Seyrek Seyahat,530,Satış,29,1,Tıp,1,473,1,Kadın,91,3,3,Yönetici,3,Evli,12504,23978,3,Hayır,21,4,2,80,1,15,3,1,0,0,0,0
37,Hayır,Seyrek Seyahat,1319,Araştırma ve Geliştirme,6,3,Tıp,1,474,3,Erkek,51,4,2,Araştırma Bilimcisi,1,Boşanmış,5974,17001,4,Evet,13,3,1,80,2,13,2,3,7,7,6,7
30,Hayır,Seyahat Etmez,641,Satış,25,2,Mühendislik,1,475,4,Kadın,85,3,2,Satış Yöneticisi,3,Evli,4736,6069,7,Evet,12,3,2,80,1,4,2,4,2,2,2,2
26,Hayır,Seyrek Seyahat,933,Satış,1,3,Fen Bilimleri,1,476,3,Erkek,57,3,2,Satış Yöneticisi,3,Evli,5296,20156,1,Hayır,17,3,2,80,1,8,3,3,8,7,7,7
42,Hayır,Seyrek Seyahat,1332,Araştırma ve Geliştirme,2,4,Diğer,1,477,1,Erkek,98,2,2,Sağlık Temsilcisi,4,Bekar,6781,17078,3,Hayır,23,4,2,80,0,14,6,3,1,0,0,0
21,Evet,Sık Seyahat,756,Satış,1,1,Mühendislik,1,478,1,Kadın,99,2,1,Satış Temsilcisi,2,Bekar,2174,9150,1,Evet,11,3,3,80,0,3,3,3,3,2,1,2
36,Hayır,Seyahat Etmez,845,Satış,1,5,Tıp,1,479,4,Kadın,45,3,2,Satış Yöneticisi,4,Bekar,6653,15276,4,Hayır,15,3,2,80,0,7,6,3,1,0,0,0
36,Hayır,Sık Seyahat,541,Satış,3,4,Tıp,1,481,1,Erkek,48,2,3,Satış Yöneticisi,4,Evli,9699,7246,4,Hayır,11,3,1,80,1,16,2,3,13,9,1,12
57,Hayır,Seyrek Seyahat,593,Araştırma ve Geliştirme,1,4,Tıp,1,482,4,Erkek,88,3,2,Sağlık Temsilcisi,3,Evli,6755,2967,2,Hayır,11,3,3,80,0,15,2,3,3,2,1,2
40,Hayır,Seyrek Seyahat,1171,Araştırma ve Geliştirme,10,4,Fen Bilimleri,1,483,4,Kadın,46,4,1,Laboratuvar Teknikeri,3,Evli,2213,22495,3,Evet,13,3,3,80,1,10,3,3,7,7,1,7
21,Hayır,Seyahat Etmez,895,Satış,9,2,Tıp,1,484,1,Erkek,39,3,1,Satış Temsilcisi,4,Bekar,2610,2851,1,Hayır,24,4,3,80,0,3,3,2,3,2,2,2
33,Evet,Seyrek Seyahat,350,Satış,5,3,Pazarlama,1,485,4,Kadın,34,3,1,Satış Temsilcisi,3,Bekar,2851,9150,1,Evet,13,3,2,80,0,1,2,3,1,0,0,0
37,Hayır,Seyrek Seyahat,921,Araştırma ve Geliştirme,10,3,Tıp,1,486,3,Kadın,98,3,1,Laboratuvar Teknikeri,1,Evli,3452,17663,6,Hayır,20,4,2,80,1,17,3,3,5,4,0,3
46,Hayır,Seyahat Etmez,1144,Araştırma ve Geliştirme,7,4,Tıp,1,487,3,Kadın,30,3,2,Üretim Direktörü,3,Evli,5258,16044,2,Hayır,14,3,3,80,0,7,2,4,1,0,0,0
41,Evet,Sık Seyahat,143,Satış,4,3,Pazarlama,1,488,1,Erkek,56,3,2,Satış Yöneticisi,2,Bekar,9355,9558,1,Hayır,18,3,3,80,0,8,5,3,8,7,7,7
50,Hayır,Seyrek Seyahat,1046,Araştırma ve Geliştirme,10,3,Mühendislik,1,491,4,Erkek,100,2,3,Sağlık Temsilcisi,4,Bekar,10496,2755,6,Hayır,15,3,4,80,0,20,2,3,4,3,1,3
40,Evet,Seyrek Seyahat,575,Satış,22,2,Pazarlama,1,492,3,Erkek,68,2,2,Satış Yöneticisi,3,Evli,6380,6110,2,Evet,12,3,1,80,2,8,6,3,6,4,1,0
31,Hayır,Seyrek Seyahat,408,Araştırma ve Geliştirme,9,4,Fen Bilimleri,1,493,3,Erkek,42,2,1,Araştırma Bilimcisi,2,Bekar,2657,7551,0,Evet,16,3,4,80,0,3,5,3,2,2,2,2
21,Evet,Seyrek Seyahat,156,Satış,12,3,Fen Bilimleri,1,494,3,Kadın,90,4,1,Satış Temsilcisi,2,Bekar,2716,25422,1,Hayır,15,3,4,80,0,1,0,3,1,0,0,0
29,Hayır,Seyrek Seyahat,1283,Araştırma ve Geliştirme,23,3,Fen Bilimleri,1,495,4,Erkek,54,3,1,Araştırma Bilimcisi,4,Bekar,2201,18168,9,Hayır,16,3,4,80,0,6,4,3,3,2,1,2
35,Hayır,Seyrek Seyahat,755,Araştırma ve Geliştirme,9,4,Fen Bilimleri,1,496,3,Erkek,97,2,2,Sağlık Temsilcisi,2,Bekar,6540,19394,9,Hayır,19,3,3,80,0,10,5,3,1,1,0,0
27,Hayır,Seyrek Seyahat,1469,Araştırma ve Geliştirme,1,2,Tıp,1,497,4,Erkek,82,3,1,Laboratuvar Teknikeri,2,Boşanmış,3816,17881,1,Hayır,11,3,2,80,1,5,2,3,5,2,0,4
28,Hayır,Seyrek Seyahat,304,Satış,9,4,Fen Bilimleri,1,498,2,Erkek,92,3,2,Satış Yöneticisi,4,Bekar,5253,20750,1,Hayır,16,3,4,80,0,7,1,3,7,5,0,7
49,Hayır,Seyrek Seyahat,1261,Araştırma ve Geliştirme,7,3,Diğer,1,499,2,Erkek,31,2,3,Sağlık Temsilcisi,3,Bekar,10965,12066,8,Hayır,24,4,3,80,0,26,2,3,5,2,0,0
51,Hayır,Seyrek Seyahat,1178,Satış,14,2,Fen Bilimleri,1,500,3,Kadın,87,3,2,Satış Yöneticisi,4,Evli,4936,14862,4,Hayır,11,3,3,80,1,18,2,2,7,7,0,7
36,Hayır,Seyrek Seyahat,329,Araştırma ve Geliştirme,2,3,Fen Bilimleri,1,501,4,Kadın,96,3,1,Araştırma Bilimcisi,3,Evli,2543,11868,4,Hayır,13,3,2,80,1,6,3,3,2,2,2,2
34,Evet,Seyahat Etmez,1362,Satış,19,3,Pazarlama,1,502,1,Erkek,67,4,2,Satış Yöneticisi,4,Bekar,5304,4652,8,Evet,13,3,2,80,0,9,3,2,5,2,0,4
55,Hayır,Seyrek Seyahat,1311,Araştırma ve Geliştirme,2,3,Fen Bilimleri,1,505,3,Kadın,97,3,4,Yönetici,4,Bekar,16659,23258,2,Evet,13,3,3,80,0,30,2,3,5,4,1,2
24,Hayır,Seyrek Seyahat,1371,Satış,10,4,Pazarlama,1,507,4,Kadın,77,3,2,Satış Yöneticisi,3,Boşanmış,4260,5915,1,Evet,12,3,4,80,1,5,2,4,5,2,0,3
30,Hayır,Seyrek Seyahat,202,Satış,2,1,Mühendislik,1,508,3,Erkek,72,3,1,Satış Temsilcisi,2,Evli,2476,17434,1,Hayır,18,3,1,80,1,1,3,3,1,0,0,0
26,Evet,Sık Seyahat,575,Araştırma ve Geliştirme,3,1,Mühendislik,1,510,3,Erkek,73,3,1,Araştırma Bilimcisi,1,Bekar,3102,6582,0,Hayır,22,4,3,80,0,7,2,3,6,4,0,4
22,Hayır,Seyrek Seyahat,253,Araştırma ve Geliştirme,11,3,Tıp,1,511,1,Kadın,43,3,1,Araştırma Bilimcisi,2,Evli,2244,24440,1,Hayır,13,3,4,80,1,2,1,3,2,1,1,2
36,Hayır,Seyrek Seyahat,164,Satış,2,2,Tıp,1,513,2,Erkek,61,2,3,Satış Yöneticisi,3,Evli,7596,3809,1,Hayır,13,3,2,80,2,10,2,3,10,9,9,0
30,Evet,Sık Seyahat,464,Araştırma ve Geliştirme,4,3,Mühendislik,1,514,3,Erkek,40,3,1,Araştırma Bilimcisi,4,Bekar,2285,3427,9,Evet,23,4,3,80,0,3,4,3,1,0,0,0
37,Hayır,Seyrek Seyahat,1107,Araştırma ve Geliştirme,14,3,Fen Bilimleri,1,515,4,Kadın,95,3,1,Laboratuvar Teknikeri,1,Boşanmış,3034,26914,1,Hayır,12,3,3,80,1,18,2,2,18,7,12,17
40,Hayır,Seyrek Seyahat,759,Satış,2,2,Pazarlama,1,516,4,Kadın,46,3,2,Satış Yöneticisi,2,Boşanmış,5715,22553,7,Hayır,12,3,3,80,2,8,5,3,5,4,1,3
42,Hayır,Seyrek Seyahat,201,Araştırma ve Geliştirme,1,4,Fen Bilimleri,1,517,2,Kadın,95,3,1,Laboratuvar Teknikeri,1,Boşanmış,2576,20490,3,Hayır,16,3,2,80,1,8,5,3,5,2,1,2
37,Hayır,Seyrek Seyahat,1305,Araştırma ve Geliştirme,10,4,Fen Bilimleri,1,518,3,Erkek,49,3,2,Üretim Direktörü,2,Bekar,4197,21123,2,Evet,12,3,4,80,0,18,2,2,1,0,0,1
43,Hayır,Seyrek Seyahat,982,Araştırma ve Geliştirme,12,3,Fen Bilimleri,1,520,1,Erkek,59,2,4,Araştırma Direktörü,2,Boşanmış,14336,4345,1,Hayır,11,3,3,80,1,25,3,3,25,10,3,9
40,Hayır,Seyrek Seyahat,555,Araştırma ve Geliştirme,2,3,Tıp,1,521,2,Kadın,78,2,2,Laboratuvar Teknikeri,3,Evli,3448,13436,6,Hayır,22,4,2,80,1,20,3,3,1,0,0,0
54,Hayır,Seyrek Seyahat,821,Araştırma ve Geliştirme,5,2,Tıp,1,522,1,Erkek,86,3,5,Araştırma Direktörü,1,Evli,19406,8509,4,Hayır,11,3,3,80,1,24,4,2,4,2,1,2
34,Hayır,Seyahat Etmez,1381,Satış,4,4,Pazarlama,1,523,3,Kadın,72,3,2,Satış Yöneticisi,3,Evli,6538,12740,9,Hayır,15,3,1,80,1,6,3,3,3,2,1,2
31,Hayır,Seyrek Seyahat,480,Araştırma ve Geliştirme,7,2,Tıp,1,524,2,Kadın,31,3,2,Üretim Direktörü,1,Evli,4306,4156,1,Hayır,12,3,2,80,1,13,5,1,13,10,3,12
43,Hayır,Sık Seyahat,313,Araştırma ve Geliştirme,21,3,Tıp,1,525,4,Erkek,61,3,1,Laboratuvar Teknikeri,4,Evli,2258,15238,7,Hayır,20,4,1,80,1,8,1,3,3,2,1,2
43,Hayır,Seyrek Seyahat,1473,Araştırma ve Geliştirme,8,4,Diğer,1,526,3,Kadın,74,3,2,Sağlık Temsilcisi,3,Boşanmış,4522,2227,4,Evet,14,3,4,80,0,8,3,3,5,2,0,2
25,Hayır,Seyrek Seyahat,891,Satış,4,2,Fen Bilimleri,1,527,2,Kadın,99,2,2,Satış Yöneticisi,4,Bekar,4487,12090,1,Evet,11,3,2,80,0,5,3,3,5,4,1,3
37,Hayır,Seyahat Etmez,1063,Araştırma ve Geliştirme,25,5,Tıp,1,529,2,Kadın,72,3,2,Araştırma Bilimcisi,3,Evli,4449,23866,3,Evet,15,3,1,80,2,15,2,3,13,11,10,7
31,Hayır,Seyrek Seyahat,329,Araştırma ve Geliştirme,1,2,Fen Bilimleri,1,530,4,Erkek,98,2,1,Laboratuvar Teknikeri,1,Evli,2218,16193,1,Hayır,12,3,3,80,1,4,3,3,4,2,3,2
39,Hayır,Sık Seyahat,1218,Araştırma ve Geliştirme,1,1,Fen Bilimleri,1,531,2,Erkek,52,3,5,Yönetici,3,Boşanmış,19197,8213,1,Evet,14,3,3,80,1,21,3,3,21,8,1,6
56,Hayır,Sık Seyahat,906,Satış,6,3,Fen Bilimleri,1,532,3,Kadın,86,4,4,Satış Yöneticisi,1,Evli,13212,18256,9,Hayır,11,3,4,80,3,36,0,2,7,7,7,7
30,Hayır,Seyrek Seyahat,1082,Satış,12,3,Mühendislik,1,533,2,Kadın,83,3,2,Satış Yöneticisi,3,Bekar,6577,19558,0,Hayır,11,3,2,80,0,6,6,3,5,4,4,4
41,Hayır,Seyrek Seyahat,645,Satış,1,3,Pazarlama,1,534,2,Erkek,49,4,3,Satış Yöneticisi,1,Evli,8392,19566,1,Hayır,16,3,3,80,1,10,2,3,10,7,0,7
28,Hayır,Seyrek Seyahat,1300,Araştırma ve Geliştirme,17,2,Tıp,1,536,3,Erkek,79,3,2,Laboratuvar Teknikeri,1,Boşanmış,4558,13535,1,Hayır,12,3,4,80,1,10,2,3,10,0,1,8
25,Evet,Seyrek Seyahat,688,Araştırma ve Geliştirme,3,3,Tıp,1,538,1,Erkek,91,3,1,Laboratuvar Teknikeri,1,Evli,4031,9396,5,Hayır,13,3,3,80,1,6,5,3,2,2,0,2
52,Hayır,Seyrek Seyahat,319,Araştırma ve Geliştirme,3,3,Tıp,1,543,4,Erkek,39,2,3,Üretim Direktörü,3,Evli,7969,19609,2,Evet,14,3,3,80,0,28,4,3,5,4,0,4
45,Hayır,Seyrek Seyahat,192,Araştırma ve Geliştirme,10,2,Fen Bilimleri,1,544,1,Erkek,69,3,1,Araştırma Bilimcisi,4,Evli,2654,9655,3,Hayır,21,4,4,80,2,8,3,2,2,2,0,2
52,Hayır,Seyrek Seyahat,1490,Araştırma ve Geliştirme,4,2,Fen Bilimleri,1,546,4,Kadın,30,3,4,Yönetici,4,Evli,16555,10310,2,Hayır,13,3,4,80,0,31,2,1,5,2,1,4
42,Hayır,Sık Seyahat,532,Araştırma ve Geliştirme,29,2,Fen Bilimleri,1,547,1,Kadın,92,3,2,Araştırma Bilimcisi,3,Boşanmış,4556,12932,2,Hayır,11,3,2,80,1,19,3,3,5,4,0,2
30,Hayır,Seyrek Seyahat,317,Araştırma ve Geliştirme,2,3,Fen Bilimleri,1,548,3,Kadın,43,1,2,Üretim Direktörü,4,Bekar,6091,24793,2,Hayır,20,4,3,80,0,11,2,3,5,4,0,2
60,Hayır,Seyrek Seyahat,422,Araştırma ve Geliştirme,7,3,Fen Bilimleri,1,549,1,Kadın,41,3,5,Yönetici,1,Evli,19566,3854,5,Hayır,11,3,4,80,0,33,5,1,29,8,11,10
46,Hayır,Seyrek Seyahat,1485,Araştırma ve Geliştirme,18,3,Tıp,1,550,3,Kadın,87,3,2,Üretim Direktörü,3,Boşanmış,4810,26314,2,Hayır,14,3,3,80,1,19,5,2,10,7,0,8
42,Hayır,Sık Seyahat,1368,Araştırma ve Geliştirme,28,4,Mühendislik,1,551,4,Kadın,88,2,2,Sağlık Temsilcisi,4,Evli,4523,4386,0,Hayır,11,3,4,80,3,7,4,4,6,5,0,4
24,Evet,Seyrek Seyahat,1448,Satış,1,1,Mühendislik,1,554,1,Kadın,62,3,1,Satış Temsilcisi,2,Bekar,3202,21972,1,Evet,16,3,2,80,0,6,4,3,5,3,1,4
34,Evet,Sık Seyahat,296,Satış,6,2,Pazarlama,1,555,4,Kadın,33,1,1,Satış Temsilcisi,3,Boşanmış,2351,12253,0,Hayır,16,3,4,80,1,3,3,2,2,2,1,0
38,Hayır,Sık Seyahat,1490,Araştırma ve Geliştirme,2,2,Fen Bilimleri,1,556,4,Erkek,42,3,1,Laboratuvar Teknikeri,4,Evli,1702,12106,1,Evet,23,4,3,80,1,1,3,3,1,0,0,0
40,Hayır,Seyrek Seyahat,1398,Satış,2,4,Fen Bilimleri,1,558,3,Kadın,79,3,5,Yönetici,3,Evli,18041,13022,0,Hayır,14,3,4,80,0,21,2,3,20,15,1,12
26,Hayır,Seyrek Seyahat,1349,Araştırma ve Geliştirme,23,3,Fen Bilimleri,1,560,1,Kadın,90,3,1,Araştırma Bilimcisi,4,Boşanmış,2886,3032,1,Hayır,22,4,2,80,2,3,3,1,3,2,0,2
30,Hayır,Seyahat Etmez,1400,Araştırma ve Geliştirme,3,3,Fen Bilimleri,1,562,3,Erkek,53,3,1,Laboratuvar Teknikeri,4,Evli,2097,16734,4,Hayır,15,3,3,80,1,9,3,1,5,3,1,4
29,Hayır,Seyrek Seyahat,986,Araştırma ve Geliştirme,3,4,Tıp,1,564,2,Erkek,93,2,3,Araştırma Direktörü,3,Evli,11935,21526,1,Hayır,18,3,3,80,0,10,2,3,10,2,0,7
29,Evet,Seyrek Seyahat,408,Araştırma ve Geliştirme,25,5,Mühendislik,1,565,3,Kadın,71,2,1,Araştırma Bilimcisi,2,Evli,2546,18300,5,Hayır,16,3,2,80,0,6,2,4,2,2,1,1
19,Evet,Seyrek Seyahat,489,İnsan Kaynakları,2,2,Mühendislik,1,566,1,Erkek,52,2,1,İnsan Kaynakları,4,Bekar,2564,18437,1,Hayır,12,3,3,80,0,1,3,4,1,0,0,0
30,Hayır,Seyahat Etmez,1398,Satış,22,4,Diğer,1,567,3,Kadın,69,3,3,Satış Yöneticisi,1,Evli,8412,2890,0,Hayır,11,3,3,80,0,10,3,3,9,8,7,8
57,Hayır,Seyrek Seyahat,210,Satış,29,3,Pazarlama,1,568,1,Erkek,56,2,4,Yönetici,4,Boşanmış,14118,22102,3,Hayır,12,3,3,80,1,32,3,2,1,0,0,0
50,Hayır,Seyrek Seyahat,1099,Araştırma ve Geliştirme,29,4,Fen Bilimleri,1,569,2,Erkek,88,2,4,Yönetici,3,Evli,17046,9314,0,Hayır,15,3,2,80,1,28,2,3,27,10,15,7
30,Hayır,Seyahat Etmez,1116,Araştırma ve Geliştirme,2,3,Tıp,1,571,3,Kadın,49,3,1,Laboratuvar Teknikeri,4,Bekar,2564,7181,0,Hayır,14,3,3,80,0,12,2,2,11,7,6,7
60,Hayır,Sık Seyahat,1499,Satış,28,3,Pazarlama,1,573,3,Kadın,80,2,3,Satış Yöneticisi,1,Evli,10266,2845,4,Hayır,19,3,4,80,0,22,5,4,18,13,13,11
47,Hayır,Seyrek Seyahat,983,Araştırma ve Geliştirme,2,2,Tıp,1,574,1,Kadın,65,3,2,Üretim Direktörü,4,Boşanmış,5070,7389,5,Hayır,13,3,3,80,3,20,2,3,5,0,0,4
46,Hayır,Seyrek Seyahat,1009,Araştırma ve Geliştirme,2,3,Fen Bilimleri,1,575,1,Erkek,51,3,4,Araştırma Direktörü,3,Evli,17861,2288,6,Hayır,13,3,3,80,0,26,2,1,3,2,0,1
35,Hayır,Seyrek Seyahat,144,Araştırma ve Geliştirme,22,3,Fen Bilimleri,1,577,4,Erkek,46,1,1,Laboratuvar Teknikeri,3,Bekar,4230,19225,0,Hayır,15,3,3,80,0,6,2,3,5,4,4,3
54,Hayır,Seyrek Seyahat,548,Araştırma ve Geliştirme,8,4,Fen Bilimleri,1,578,3,Kadın,42,3,2,Laboratuvar Teknikeri,3,Bekar,3780,23428,7,Hayır,11,3,3,80,0,19,3,3,1,0,0,0
34,Hayır,Seyrek Seyahat,1303,Araştırma ve Geliştirme,2,4,Fen Bilimleri,1,579,4,Erkek,62,2,1,Araştırma Bilimcisi,3,Boşanmış,2768,8416,3,Hayır,12,3,3,80,1,14,3,3,7,3,5,7
46,Hayır,Seyrek Seyahat,1125,Satış,10,3,Pazarlama,1,580,3,Kadın,94,2,3,Satış Yöneticisi,4,Evli,9071,11563,2,Evet,19,3,3,80,1,15,3,3,3,2,1,2
31,Hayır,Seyrek Seyahat,1274,Araştırma ve Geliştirme,9,1,Fen Bilimleri,1,581,3,Erkek,33,3,3,Üretim Direktörü,2,Boşanmış,10648,14394,1,Hayır,25,4,4,80,1,13,6,4,13,8,0,8
33,Evet,Seyrek Seyahat,1277,Araştırma ve Geliştirme,15,1,Tıp,1,582,2,Erkek,56,3,3,Yönetici,3,Evli,13610,24619,7,Evet,12,3,4,80,0,15,2,4,7,6,7,7
33,Evet,Seyrek Seyahat,587,Araştırma ve Geliştirme,10,1,Tıp,1,584,1,Erkek,38,1,1,Laboratuvar Teknikeri,4,Boşanmış,3408,6705,7,Hayır,13,3,1,80,3,8,2,3,4,3,1,3
30,Hayır,Seyrek Seyahat,413,Satış,7,1,Pazarlama,1,585,4,Erkek,57,3,1,Satış Temsilcisi,2,Bekar,2983,18398,0,Hayır,14,3,1,80,0,4,3,3,3,2,1,2
35,Hayır,Seyrek Seyahat,1276,Araştırma ve Geliştirme,16,3,Fen Bilimleri,1,586,4,Erkek,72,3,3,Sağlık Temsilcisi,3,Evli,7632,14295,4,Evet,12,3,3,80,0,10,2,3,8,7,0,0
31,Evet,Sık Seyahat,534,Araştırma ve Geliştirme,20,3,Fen Bilimleri,1,587,1,Erkek,66,3,3,Sağlık Temsilcisi,3,Evli,9824,22908,3,Hayır,12,3,1,80,0,12,2,3,1,0,0,0
34,Evet,Sık Seyahat,988,İnsan Kaynakları,23,3,İnsan Kaynakları,1,590,2,Kadın,43,3,3,İnsan Kaynakları,1,Boşanmış,9950,11533,9,Evet,15,3,3,80,3,11,2,3,3,2,0,2
42,Hayır,Sık Seyahat,1474,Araştırma ve Geliştirme,5,2,Diğer,1,591,2,Erkek,97,3,1,Laboratuvar Teknikeri,3,Evli,2093,9260,4,Hayır,17,3,4,80,1,8,4,3,2,2,2,0
36,Hayır,Seyahat Etmez,635,Satış,10,4,Tıp,1,592,2,Erkek,32,3,3,Satış Yöneticisi,4,Bekar,9980,15318,1,Hayır,14,3,4,80,0,10,3,2,10,3,9,7
22,Evet,Sık Seyahat,1368,Araştırma ve Geliştirme,4,1,Mühendislik,1,593,3,Erkek,99,2,1,Laboratuvar Teknikeri,3,Bekar,3894,9129,5,Hayır,16,3,3,80,0,4,3,3,2,2,1,2
48,Hayır,Seyrek Seyahat,163,Satış,2,5,Pazarlama,1,595,2,Kadın,37,3,2,Satış Yöneticisi,4,Evli,4051,19658,2,Hayır,14,3,1,80,1,14,2,3,9,7,6,7
55,Hayır,Seyrek Seyahat,1117,Satış,18,5,Fen Bilimleri,1,597,1,Kadın,83,3,4,Yönetici,2,Bekar,16835,9873,3,Hayır,23,4,4,80,0,37,2,3,10,9,7,7
41,Hayır,Seyahat Etmez,267,Satış,10,2,Fen Bilimleri,1,599,4,Erkek,56,3,2,Satış Yöneticisi,4,Bekar,6230,13430,7,Hayır,14,3,4,80,0,16,3,3,14,3,1,10
35,Hayır,Seyrek Seyahat,619,Satış,1,3,Pazarlama,1,600,2,Erkek,85,3,2,Satış Yöneticisi,3,Evli,4717,18659,9,Hayır,11,3,3,80,0,15,2,3,11,9,6,9
40,Hayır,Seyrek Seyahat,302,Araştırma ve Geliştirme,6,3,Fen Bilimleri,1,601,2,Kadın,75,3,4,Üretim Direktörü,3,Bekar,13237,20364,7,Hayır,15,3,3,80,0,22,3,3,20,6,5,13
39,Hayır,Sık Seyahat,443,Araştırma ve Geliştirme,8,1,Fen Bilimleri,1,602,3,Kadın,48,3,1,Laboratuvar Teknikeri,3,Evli,3755,17872,1,Hayır,11,3,1,80,1,8,3,3,8,3,0,7
31,Hayır,Seyrek Seyahat,828,Satış,2,1,Fen Bilimleri,1,604,2,Erkek,77,3,2,Satış Yöneticisi,4,Bekar,6582,8346,4,Evet,13,3,3,80,0,10,2,4,6,5,0,5
42,Hayır,Seyrek Seyahat,319,Araştırma ve Geliştirme,24,3,Tıp,1,605,4,Erkek,56,3,3,Üretim Direktörü,1,Evli,7406,6950,1,Evet,21,4,4,80,1,10,5,2,10,9,5,8
45,Hayır,Seyrek Seyahat,561,Satış,2,3,Diğer,1,606,4,Erkek,61,3,2,Satış Yöneticisi,2,Evli,4805,16177,0,Hayır,19,3,2,80,1,9,3,4,8,7,3,7
26,Evet,Sık Seyahat,426,İnsan Kaynakları,17,4,Fen Bilimleri,1,608,2,Kadın,58,3,1,İnsan Kaynakları,3,Boşanmış,2741,22808,0,Evet,11,3,2,80,1,8,2,2,7,7,1,0
29,Hayır,Seyrek Seyahat,232,Araştırma ve Geliştirme,19,3,Mühendislik,1,611,4,Erkek,34,3,2,Üretim Direktörü,4,Boşanmış,4262,22645,4,Hayır,12,3,2,80,2,8,2,4,3,2,1,2
33,Hayır,Seyrek Seyahat,922,Araştırma ve Geliştirme,1,5,Tıp,1,612,1,Kadın,95,4,4,Araştırma Direktörü,3,Boşanmış,16184,22578,4,Hayır,19,3,3,80,1,10,2,3,6,1,0,5
31,Hayır,Seyrek Seyahat,688,Satış,7,3,Fen Bilimleri,1,613,3,Erkek,44,2,3,Yönetici,4,Boşanmış,11557,25291,9,Hayır,21,4,3,80,1,10,3,2,5,4,0,1
18,Evet,Sık Seyahat,1306,Satış,5,3,Pazarlama,1,614,2,Erkek,69,3,1,Satış Temsilcisi,2,Bekar,1878,8059,1,Evet,14,3,4,80,0,0,3,3,0,0,0,0
40,Hayır,Seyahat Etmez,1094,Satış,28,3,Diğer,1,615,3,Erkek,58,1,3,Satış Yöneticisi,1,Boşanmış,10932,11373,3,Hayır,15,3,3,80,1,20,2,3,1,0,0,1
41,Hayır,Seyahat Etmez,509,Araştırma ve Geliştirme,2,4,Diğer,1,616,1,Kadın,62,2,2,Sağlık Temsilcisi,3,Bekar,6811,2112,2,Evet,17,3,1,80,0,10,3,3,8,7,0,7
26,Hayır,Seyrek Seyahat,775,Satış,29,2,Tıp,1,618,1,Erkek,45,3,2,Satış Yöneticisi,3,Boşanmış,4306,4267,5,Hayır,12,3,1,80,2,8,5,3,0,0,0,0
35,Hayır,Seyrek Seyahat,195,Satış,1,3,Tıp,1,620,1,Kadın,80,3,2,Satış Yöneticisi,3,Bekar,4859,6698,1,Hayır,16,3,4,80,0,5,3,3,5,4,0,3
34,Hayır,Seyrek Seyahat,258,Satış,21,4,Fen Bilimleri,1,621,4,Erkek,74,4,2,Satış Yöneticisi,4,Bekar,5337,19921,1,Hayır,12,3,4,80,0,10,3,3,10,7,5,7
26,Evet,Seyrek Seyahat,471,Araştırma ve Geliştirme,24,3,Mühendislik,1,622,3,Erkek,66,1,1,Laboratuvar Teknikeri,4,Bekar,2340,23213,1,Evet,18,3,2,80,0,1,3,1,1,0,0,0
37,Hayır,Seyrek Seyahat,799,Araştırma ve Geliştirme,1,3,Mühendislik,1,623,2,Kadın,59,3,3,Üretim Direktörü,4,Bekar,7491,23848,4,Hayır,17,3,4,80,0,12,3,4,6,5,1,2
46,Hayır,Sık Seyahat,1034,Araştırma ve Geliştirme,18,1,Tıp,1,624,1,Kadın,86,3,3,Sağlık Temsilcisi,3,Evli,10527,8984,5,Hayır,11,3,4,80,0,28,3,2,2,2,1,2
41,Hayır,Seyrek Seyahat,1276,Satış,2,5,Fen Bilimleri,1,625,2,Kadın,91,3,4,Yönetici,1,Evli,16595,5626,7,Hayır,16,3,2,80,1,22,2,3,18,16,11,8
37,Hayır,Seyahat Etmez,142,Satış,9,4,Tıp,1,626,1,Erkek,69,3,3,Satış Yöneticisi,2,Boşanmış,8834,24666,1,Hayır,13,3,4,80,1,9,6,3,9,5,7,7
52,Hayır,Seyrek Seyahat,956,Araştırma ve Geliştirme,6,2,Mühendislik,1,630,4,Erkek,78,3,2,Araştırma Bilimcisi,1,Boşanmış,5577,22087,3,Evet,12,3,2,80,2,18,3,3,10,9,6,9
32,Evet,Seyahat Etmez,1474,Satış,11,4,Diğer,1,631,4,Erkek,60,4,2,Satış Yöneticisi,3,Evli,4707,23914,8,Hayır,12,3,4,80,0,6,2,3,4,2,1,2
24,Hayır,Sık Seyahat,535,Satış,24,3,Tıp,1,632,4,Erkek,38,3,1,Satış Temsilcisi,4,Evli,2400,5530,0,Hayır,13,3,3,80,2,3,3,3,2,2,2,1
38,Hayır,Seyrek Seyahat,1495,Araştırma ve Geliştirme,10,3,Tıp,1,634,3,Kadın,76,3,2,Sağlık Temsilcisi,3,Evli,9824,22174,3,Hayır,19,3,3,80,1,18,4,3,1,0,0,0
37,Hayır,Seyrek Seyahat,446,Araştırma ve Geliştirme,1,4,Fen Bilimleri,1,635,2,Kadın,65,3,2,Üretim Direktörü,2,Evli,6447,15701,6,Hayır,12,3,2,80,1,8,2,2,6,5,4,3
49,Hayır,Seyrek Seyahat,1245,Araştırma ve Geliştirme,18,4,Fen Bilimleri,1,638,4,Erkek,58,2,5,Araştırma Direktörü,3,Boşanmış,19502,2125,1,Evet,17,3,3,80,1,31,5,3,31,9,0,9
24,Hayır,Seyrek Seyahat,691,Araştırma ve Geliştirme,23,3,Tıp,1,639,2,Erkek,89,4,1,Araştırma Bilimcisi,4,Evli,2725,21630,1,Evet,11,3,2,80,2,6,3,3,6,5,1,4
26,Hayır,Seyrek Seyahat,703,Satış,28,2,Pazarlama,1,641,1,Erkek,66,3,2,Satış Yöneticisi,2,Evli,6272,7428,1,Hayır,20,4,4,80,2,6,5,4,5,3,1,4
24,Hayır,Seyrek Seyahat,823,Araştırma ve Geliştirme,17,2,Diğer,1,643,4,Erkek,94,2,1,Laboratuvar Teknikeri,2,Evli,2127,9100,1,Hayır,21,4,4,80,1,1,2,3,1,0,0,0
50,Hayır,Sık Seyahat,1246,İnsan Kaynakları,3,3,Tıp,1,644,1,Erkek,99,3,5,Yönetici,2,Evli,18200,7999,1,Hayır,11,3,3,80,1,32,2,3,32,5,10,7
25,Hayır,Seyrek Seyahat,622,Satış,13,1,Tıp,1,645,2,Erkek,40,3,1,Satış Temsilcisi,3,Evli,2096,26376,1,Hayır,11,3,3,80,0,7,1,3,7,4,0,6
24,Evet,Sık Seyahat,1287,Araştırma ve Geliştirme,7,3,Fen Bilimleri,1,647,1,Kadın,55,3,1,Laboratuvar Teknikeri,3,Evli,2886,14168,1,Evet,16,3,4,80,1,6,4,3,6,3,1,2
30,Evet,Sık Seyahat,448,Satış,12,4,Fen Bilimleri,1,648,2,Erkek,74,2,1,Satış Temsilcisi,1,Evli,2033,14470,1,Hayır,18,3,3,80,1,1,2,4,1,0,0,0
34,Hayır,Seyrek Seyahat,254,Araştırma ve Geliştirme,1,2,Fen Bilimleri,1,649,2,Erkek,83,2,1,Araştırma Bilimcisi,4,Evli,3622,22794,1,Evet,13,3,4,80,1,6,3,3,6,5,1,3
31,Evet,Seyrek Seyahat,1365,Satış,13,4,Tıp,1,650,2,Erkek,46,3,2,Satış Yöneticisi,1,Boşanmış,4233,11512,2,Hayır,17,3,3,80,0,9,2,1,3,1,1,2
35,Hayır,Seyrek Seyahat,538,Araştırma ve Geliştirme,25,2,Diğer,1,652,1,Erkek,54,2,2,Laboratuvar Teknikeri,4,Bekar,3681,14004,4,Hayır,14,3,4,80,0,9,3,3,3,2,0,2
31,Hayır,Seyrek Seyahat,525,Satış,6,4,Tıp,1,653,1,Erkek,66,4,2,Satış Yöneticisi,4,Boşanmış,5460,6219,4,Hayır,22,4,4,80,2,13,4,4,7,7,5,7
27,Hayır,Seyrek Seyahat,798,Araştırma ve Geliştirme,6,4,Tıp,1,655,1,Kadın,66,2,1,Araştırma Bilimcisi,3,Boşanmış,2187,5013,0,Hayır,12,3,3,80,2,6,5,2,5,3,0,3
37,Hayır,Seyrek Seyahat,558,Satış,2,3,Pazarlama,1,656,4,Erkek,75,3,2,Satış Yöneticisi,3,Evli,9602,3010,4,Evet,11,3,3,80,1,17,3,2,3,0,1,0
20,Hayır,Seyrek Seyahat,959,Araştırma ve Geliştirme,1,3,Fen Bilimleri,1,657,4,Kadın,83,2,1,Araştırma Bilimcisi,2,Bekar,2836,11757,1,Hayır,13,3,4,80,0,1,0,4,1,0,0,0
42,Hayır,Seyrek Seyahat,622,Araştırma ve Geliştirme,2,4,Fen Bilimleri,1,659,3,Kadın,81,3,2,Sağlık Temsilcisi,4,Evli,4089,5718,1,Hayır,13,3,2,80,2,10,4,3,10,2,2,2
43,Hayır,Seyrek Seyahat,782,Araştırma ve Geliştirme,6,4,Diğer,1,661,2,Erkek,50,2,4,Araştırma Direktörü,4,Boşanmış,16627,2671,4,Evet,14,3,3,80,1,21,3,2,1,0,0,0
38,Hayır,Seyrek Seyahat,362,Araştırma ve Geliştirme,1,1,Fen Bilimleri,1,662,3,Kadın,43,3,1,Araştırma Bilimcisi,1,Bekar,2619,14561,3,Hayır,17,3,4,80,0,8,3,2,0,0,0,0
43,Hayır,Sık Seyahat,1001,Araştırma ve Geliştirme,9,5,Tıp,1,663,4,Erkek,72,3,2,Laboratuvar Teknikeri,3,Boşanmış,5679,19627,3,Evet,13,3,2,80,1,10,3,3,8,7,4,7
48,Hayır,Seyrek Seyahat,1236,Araştırma ve Geliştirme,1,4,Fen Bilimleri,1,664,4,Kadın,40,2,4,Yönetici,1,Evli,15402,17997,7,Hayır,11,3,1,80,1,21,3,1,3,2,0,2
44,Hayır,Seyrek Seyahat,1112,İnsan Kaynakları,1,4,Fen Bilimleri,1,665,1,Kadın,50,2,2,İnsan Kaynakları,3,Bekar,5985,26894,4,Hayır,11,3,2,80,0,10,1,4,2,2,0,2
34,Hayır,Seyrek Seyahat,204,Satış,14,3,Mühendislik,1,666,3,Kadın,31,3,1,Satış Temsilcisi,3,Boşanmış,2579,2912,1,Evet,18,3,4,80,2,8,3,3,8,2,0,6
27,Evet,Seyrek Seyahat,1420,Satış,2,1,Pazarlama,1,667,3,Erkek,85,3,1,Satış Temsilcisi,1,Boşanmış,3041,16346,0,Hayır,11,3,2,80,1,5,3,3,4,3,0,2
21,Hayır,Seyrek Seyahat,1343,Satış,22,1,Mühendislik,1,669,3,Erkek,49,3,1,Satış Temsilcisi,3,Bekar,3447,24444,1,Hayır,11,3,3,80,0,3,2,3,3,2,1,2
44,Hayır,Seyrek Seyahat,1315,Araştırma ve Geliştirme,3,4,Diğer,1,671,4,Erkek,35,3,5,Yönetici,4,Evli,19513,9358,4,Evet,12,3,1,80,1,26,2,4,2,2,0,1
22,Hayır,Seyrek Seyahat,604,Araştırma ve Geliştirme,6,1,Tıp,1,675,1,Erkek,69,3,1,Araştırma Bilimcisi,3,Evli,2773,12145,0,Hayır,20,4,4,80,0,3,3,3,2,2,2,2
33,Hayır,Seyrek Seyahat,1216,Satış,8,4,Pazarlama,1,677,3,Erkek,39,3,2,Satış Yöneticisi,3,Boşanmış,7104,20431,0,Hayır,12,3,4,80,0,6,3,3,5,0,1,2
32,Hayır,Seyrek Seyahat,646,Araştırma ve Geliştirme,9,4,Fen Bilimleri,1,679,1,Kadın,92,3,2,Araştırma Bilimcisi,4,Evli,6322,18089,1,Evet,12,3,4,80,1,6,2,2,6,4,0,5
30,Hayır,Sık Seyahat,160,Araştırma ve Geliştirme,3,3,Tıp,1,680,3,Kadın,71,3,1,Araştırma Bilimcisi,3,Boşanmış,2083,22653,1,Hayır,20,4,3,80,1,1,2,3,1,0,0,0
53,Hayır,Seyrek Seyahat,238,Satış,1,1,Tıp,1,682,4,Kadın,34,3,2,Satış Yöneticisi,1,Bekar,8381,7507,7,Hayır,20,4,4,80,0,18,2,4,14,7,8,10
34,Hayır,Seyrek Seyahat,1397,Araştırma ve Geliştirme,1,5,Fen Bilimleri,1,683,2,Erkek,42,3,1,Araştırma Bilimcisi,4,Evli,2691,7660,1,Hayır,12,3,4,80,1,10,4,2,10,9,8,8
45,Evet,Sık Seyahat,306,Satış,26,4,Fen Bilimleri,1,684,1,Kadın,100,3,2,Satış Yöneticisi,1,Evli,4286,5630,2,Hayır,14,3,4,80,2,5,4,3,1,1,0,0
26,Hayır,Seyrek Seyahat,991,Araştırma ve Geliştirme,6,3,Fen Bilimleri,1,686,3,Kadın,71,3,1,Laboratuvar Teknikeri,4,Evli,2659,17759,1,Evet,13,3,3,80,1,3,2,3,3,2,0,2
37,Hayır,Seyrek Seyahat,482,Araştırma ve Geliştirme,3,3,Diğer,1,689,3,Erkek,36,3,3,Üretim Direktörü,3,Evli,9434,9606,1,Hayır,15,3,3,80,1,10,2,3,10,7,7,8
29,Hayır,Seyrek Seyahat,1176,Satış,3,2,Tıp,1,690,2,Kadın,62,3,2,Satış Yöneticisi,3,Evli,5561,3487,1,Hayır,14,3,1,80,1,6,5,2,6,0,1,2
35,Hayır,Seyrek Seyahat,1017,Araştırma ve Geliştirme,6,4,Fen Bilimleri,1,691,2,Erkek,82,1,2,Araştırma Bilimcisi,4,Bekar,6646,19368,1,Hayır,13,3,2,80,0,17,3,3,17,11,11,8
33,Hayır,Sık Seyahat,1296,Araştırma ve Geliştirme,6,3,Fen Bilimleri,1,692,3,Erkek,30,3,2,Sağlık Temsilcisi,4,Boşanmış,7725,5335,3,Hayır,23,4,3,80,1,15,2,1,13,11,4,7
54,Hayır,Seyrek Seyahat,397,İnsan Kaynakları,19,4,Tıp,1,698,3,Erkek,88,3,3,İnsan Kaynakları,2,Evli,10725,6729,2,Hayır,15,3,3,80,1,16,1,4,9,7,7,1
36,Hayır,Seyrek Seyahat,913,Araştırma ve Geliştirme,9,2,Tıp,1,699,2,Erkek,48,2,2,Üretim Direktörü,2,Boşanmış,8847,13934,2,Evet,11,3,3,80,1,13,2,3,3,2,0,2
27,Hayır,Seyrek Seyahat,1115,Araştırma ve Geliştirme,3,4,Tıp,1,700,1,Erkek,54,2,1,Araştırma Bilimcisi,4,Bekar,2045,15174,0,Hayır,13,3,4,80,0,5,0,3,4,2,1,1
20,Evet,Seyrek Seyahat,1362,Araştırma ve Geliştirme,10,1,Tıp,1,701,4,Erkek,32,3,1,Araştırma Bilimcisi,3,Bekar,1009,26999,1,Evet,11,3,4,80,0,1,5,3,1,0,1,1
33,Evet,Sık Seyahat,1076,Araştırma ve Geliştirme,3,3,Fen Bilimleri,1,702,1,Erkek,70,3,1,Araştırma Bilimcisi,1,Bekar,3348,3164,1,Evet,11,3,1,80,0,10,3,3,10,8,9,7
35,Hayır,Seyahat Etmez,727,Araştırma ve Geliştirme,3,3,Fen Bilimleri,1,704,3,Erkek,41,2,1,Laboratuvar Teknikeri,3,Evli,1281,16900,1,Hayır,18,3,3,80,2,1,3,3,1,0,0,0
23,Hayır,Seyrek Seyahat,885,Araştırma ve Geliştirme,4,3,Tıp,1,705,1,Erkek,58,4,1,Araştırma Bilimcisi,1,Evli,2819,8544,2,Hayır,16,3,1,80,1,5,3,4,3,2,0,2
25,Hayır,Seyrek Seyahat,810,Satış,8,3,Fen Bilimleri,1,707,4,Erkek,57,4,2,Satış Yöneticisi,2,Evli,4851,15678,0,Hayır,22,4,3,80,1,4,4,3,3,2,1,2
38,Hayır,Seyrek Seyahat,243,Satış,7,4,Pazarlama,1,709,4,Kadın,46,2,2,Satış Yöneticisi,4,Bekar,4028,7791,0,Hayır,20,4,1,80,0,8,2,3,7,7,0,5
29,Hayır,Sık Seyahat,806,Araştırma ve Geliştirme,1,4,Fen Bilimleri,1,710,2,Erkek,76,1,1,Araştırma Bilimcisi,4,Boşanmış,2720,18959,1,Hayır,18,3,4,80,1,10,5,3,10,7,2,8
48,Hayır,Seyrek Seyahat,817,Satış,2,1,Pazarlama,1,712,2,Erkek,56,4,2,Satış Yöneticisi,2,Evli,8120,18597,3,Hayır,12,3,4,80,0,12,3,3,2,2,2,2
27,Hayır,Sık Seyahat,1410,Satış,3,1,Tıp,1,714,4,Kadın,71,4,2,Satış Yöneticisi,4,Boşanmış,4647,16673,1,Evet,20,4,2,80,2,6,3,3,6,5,0,4
37,Hayır,Seyrek Seyahat,1225,Araştırma ve Geliştirme,10,2,Fen Bilimleri,1,715,4,Erkek,80,4,1,Araştırma Bilimcisi,4,Bekar,4680,15232,3,Hayır,17,3,1,80,0,4,2,3,1,0,0,0
50,Hayır,Seyrek Seyahat,1207,Araştırma ve Geliştirme,28,1,Tıp,1,716,4,Erkek,74,4,1,Laboratuvar Teknikeri,3,Evli,3221,3297,1,Evet,11,3,3,80,3,20,3,3,20,8,3,8
34,Hayır,Seyrek Seyahat,1442,Araştırma ve Geliştirme,9,3,Tıp,1,717,4,Kadın,46,2,3,Sağlık Temsilcisi,2,Bekar,8621,17654,1,Hayır,14,3,2,80,0,9,3,4,8,7,7,7
24,Evet,Seyrek Seyahat,693,Satış,3,2,Fen Bilimleri,1,720,1,Kadın,65,3,2,Satış Yöneticisi,3,Bekar,4577,24785,9,Hayır,14,3,1,80,0,4,3,3,2,2,2,0
39,Hayır,Seyrek Seyahat,408,Araştırma ve Geliştirme,2,4,Mühendislik,1,721,4,Kadın,80,2,2,Sağlık Temsilcisi,3,Bekar,4553,20978,1,Hayır,11,3,1,80,0,20,4,3,20,7,11,10
32,Hayır,Seyrek Seyahat,929,Satış,10,3,Pazarlama,1,722,4,Erkek,55,3,2,Satış Yöneticisi,4,Bekar,5396,21703,1,Hayır,12,3,4,80,0,10,2,2,10,7,0,8
50,Evet,Sık Seyahat,562,Satış,8,2,Mühendislik,1,723,2,Erkek,50,3,2,Satış Yöneticisi,3,Evli,6796,23452,3,Evet,14,3,1,80,1,18,4,3,4,3,1,3
38,Hayır,Seyrek Seyahat,827,Araştırma ve Geliştirme,1,4,Fen Bilimleri,1,724,2,Kadın,33,4,2,Sağlık Temsilcisi,4,Bekar,7625,19383,0,Hayır,13,3,3,80,0,10,4,2,9,7,1,8
27,Hayır,Seyrek Seyahat,608,Araştırma ve Geliştirme,1,2,Fen Bilimleri,1,725,3,Kadın,68,3,3,Üretim Direktörü,1,Evli,7412,6009,1,Hayır,11,3,4,80,0,9,3,3,9,7,0,7
32,Hayır,Seyrek Seyahat,1018,Araştırma ve Geliştirme,3,2,Fen Bilimleri,1,727,3,Kadın,39,3,3,Araştırma Direktörü,4,Bekar,11159,19373,3,Hayır,15,3,4,80,0,10,6,3,7,7,7,7
47,Hayır,Seyrek Seyahat,703,Satış,14,4,Pazarlama,1,728,4,Erkek,42,3,2,Satış Yöneticisi,1,Bekar,4960,11825,2,Hayır,12,3,4,80,0,20,2,3,7,7,1,7
40,Hayır,Sık Seyahat,580,Satış,5,4,Fen Bilimleri,1,729,4,Erkek,48,2,3,Satış Yöneticisi,1,Evli,10475,23772,5,Evet,21,4,3,80,1,20,2,3,18,13,1,12
53,Hayır,Seyrek Seyahat,970,Araştırma ve Geliştirme,7,3,Fen Bilimleri,1,730,3,Erkek,59,4,4,Araştırma Direktörü,3,Evli,14814,13514,3,Hayır,19,3,3,80,0,32,3,3,5,1,1,3
41,Hayır,Seyrek Seyahat,427,İnsan Kaynakları,10,4,İnsan Kaynakları,1,731,2,Erkek,73,2,5,Yönetici,4,Boşanmış,19141,8861,3,Hayır,15,3,2,80,3,23,2,2,21,6,12,6
60,Hayır,Seyrek Seyahat,1179,Satış,16,4,Pazarlama,1,732,1,Erkek,84,3,2,Satış Yöneticisi,1,Bekar,5405,11924,8,Hayır,14,3,4,80,0,10,1,3,2,2,2,2
27,Hayır,Sık Seyahat,294,Araştırma ve Geliştirme,10,2,Fen Bilimleri,1,733,4,Erkek,32,3,3,Üretim Direktörü,1,Boşanmış,8793,4809,1,Hayır,21,4,3,80,2,9,4,2,9,7,1,7
41,Hayır,Seyrek Seyahat,314,İnsan Kaynakları,1,3,İnsan Kaynakları,1,734,4,Erkek,59,2,5,Yönetici,3,Evli,19189,19562,1,Hayır,12,3,2,80,1,22,3,3,22,7,2,10
50,Hayır,Seyrek Seyahat,316,Satış,8,4,Pazarlama,1,738,4,Erkek,54,3,1,Satış Temsilcisi,2,Evli,3875,9983,7,Hayır,15,3,4,80,1,4,2,3,2,2,2,2
28,Evet,Seyrek Seyahat,654,Araştırma ve Geliştirme,1,2,Fen Bilimleri,1,741,1,Kadın,67,1,1,Araştırma Bilimcisi,2,Bekar,2216,3872,7,Evet,13,3,4,80,0,10,4,3,7,7,3,7
36,Hayır,Seyahat Etmez,427,Araştırma ve Geliştirme,8,3,Fen Bilimleri,1,742,1,Kadın,63,4,3,Araştırma Direktörü,1,Evli,11713,20335,9,Hayır,14,3,1,80,1,10,2,3,8,7,0,5
38,Hayır,Seyrek Seyahat,168,Araştırma ve Geliştirme,1,3,Fen Bilimleri,1,743,3,Kadın,81,3,3,Üretim Direktörü,3,Bekar,7861,15397,4,Evet,14,3,4,80,0,10,4,4,1,0,0,0
44,Hayır,Seyahat Etmez,381,Araştırma ve Geliştirme,24,3,Tıp,1,744,1,Erkek,49,1,1,Laboratuvar Teknikeri,3,Bekar,3708,2104,2,Hayır,14,3,3,80,0,9,5,3,5,2,1,4
47,Hayır,Sık Seyahat,217,Satış,3,3,Tıp,1,746,4,Kadın,49,3,4,Satış Yöneticisi,3,Boşanmış,13770,10225,9,Evet,12,3,4,80,2,28,2,2,22,2,11,13
30,Hayır,Seyrek Seyahat,501,Satış,27,5,Pazarlama,1,747,3,Erkek,99,3,2,Satış Yöneticisi,4,Boşanmış,5304,25275,7,Hayır,23,4,4,80,1,10,2,2,8,7,7,7
29,Hayır,Seyrek Seyahat,1396,Satış,10,3,Fen Bilimleri,1,749,3,Erkek,99,3,1,Satış Temsilcisi,3,Bekar,2642,2755,1,Hayır,11,3,3,80,0,1,6,3,1,0,0,0
42,Evet,Sık Seyahat,933,Araştırma ve Geliştirme,19,3,Tıp,1,752,3,Erkek,57,4,1,Araştırma Bilimcisi,3,Boşanmış,2759,20366,6,Evet,12,3,4,80,0,7,2,3,2,2,2,2
43,Hayır,Sık Seyahat,775,Satış,15,3,Fen Bilimleri,1,754,4,Erkek,47,2,2,Satış Yöneticisi,4,Evli,6804,23683,3,Hayır,18,3,3,80,1,7,5,3,2,2,2,2
34,Hayır,Seyrek Seyahat,970,Araştırma ve Geliştirme,8,2,Tıp,1,757,2,Kadın,96,3,2,Sağlık Temsilcisi,3,Bekar,6142,7360,3,Hayır,11,3,4,80,0,10,2,3,5,1,4,3
23,Hayır,Seyrek Seyahat,650,Araştırma ve Geliştirme,9,1,Tıp,1,758,2,Erkek,37,3,1,Laboratuvar Teknikeri,1,Evli,2500,4344,1,Hayır,14,3,4,80,1,5,2,4,4,3,0,2
39,Hayır,Seyrek Seyahat,141,İnsan Kaynakları,3,3,İnsan Kaynakları,1,760,3,Kadın,44,4,2,İnsan Kaynakları,2,Evli,6389,18767,9,Hayır,15,3,3,80,1,12,3,1,8,3,3,6
56,Hayır,Seyrek Seyahat,832,Araştırma ve Geliştirme,9,3,Tıp,1,762,3,Erkek,81,3,4,Sağlık Temsilcisi,4,Evli,11103,20420,7,Hayır,11,3,3,80,0,30,1,2,10,7,1,1
40,Hayır,Seyrek Seyahat,804,Araştırma ve Geliştirme,2,1,Tıp,1,763,4,Kadın,86,2,1,Araştırma Bilimcisi,4,Bekar,2342,22929,0,Evet,20,4,4,80,0,5,2,2,4,2,2,3
27,Hayır,Seyrek Seyahat,975,Araştırma ve Geliştirme,7,3,Tıp,1,764,4,Kadın,55,2,2,Sağlık Temsilcisi,1,Bekar,6811,23398,8,Hayır,19,3,1,80,0,9,2,1,7,6,0,7
29,Hayır,Seyrek Seyahat,1090,Satış,10,3,Pazarlama,1,766,4,Erkek,83,3,1,Satış Temsilcisi,2,Boşanmış,2297,17967,1,Hayır,14,3,4,80,2,2,2,3,2,2,2,2
53,Hayır,Seyrek Seyahat,346,Araştırma ve Geliştirme,6,3,Fen Bilimleri,1,769,4,Erkek,86,3,2,Laboratuvar Teknikeri,4,Bekar,2450,10919,2,Hayır,17,3,4,80,0,19,4,3,2,2,2,2
35,Hayır,Seyahat Etmez,1225,Araştırma ve Geliştirme,2,4,Fen Bilimleri,1,771,4,Kadın,61,3,2,Sağlık Temsilcisi,1,Boşanmış,5093,4761,2,Hayır,11,3,1,80,1,16,2,4,1,0,0,0
32,Hayır,Sık Seyahat,430,Araştırma ve Geliştirme,24,4,Fen Bilimleri,1,772,1,Erkek,80,3,2,Laboratuvar Teknikeri,4,Evli,5309,21146,1,Hayır,15,3,4,80,2,10,2,3,10,8,4,7
38,Hayır,Seyrek Seyahat,268,Araştırma ve Geliştirme,2,5,Tıp,1,773,4,Erkek,92,3,1,Araştırma Bilimcisi,3,Evli,3057,20471,6,Evet,13,3,2,80,1,6,0,1,1,0,0,1
34,Hayır,Seyrek Seyahat,167,Araştırma ve Geliştirme,8,5,Fen Bilimleri,1,775,2,Kadın,32,3,2,Üretim Direktörü,1,Boşanmış,5121,4187,3,Hayır,14,3,3,80,1,7,3,3,0,0,0,0
52,Hayır,Seyrek Seyahat,621,Satış,3,4,Pazarlama,1,776,3,Erkek,31,2,4,Yönetici,1,Evli,16856,10084,1,Hayır,11,3,1,80,0,34,3,4,34,6,1,16
33,Evet,Seyrek Seyahat,527,Araştırma ve Geliştirme,1,4,Diğer,1,780,4,Erkek,63,3,1,Araştırma Bilimcisi,4,Bekar,2686,5207,1,Evet,13,3,3,80,0,10,2,2,10,9,7,8
25,Hayır,Seyrek Seyahat,883,Satış,26,1,Tıp,1,781,3,Kadın,32,3,2,Satış Yöneticisi,4,Bekar,6180,22807,1,Hayır,23,4,2,80,0,6,5,2,6,5,1,4
45,Hayır,Seyrek Seyahat,954,Satış,2,2,Mühendislik,1,783,2,Erkek,46,1,2,Satış Temsilcisi,3,Bekar,6632,12388,0,Hayır,13,3,1,80,0,9,3,3,8,7,3,1
23,Hayır,Seyrek Seyahat,310,Araştırma ve Geliştirme,10,1,Tıp,1,784,1,Erkek,79,4,1,Araştırma Bilimcisi,3,Bekar,3505,19630,1,Hayır,18,3,4,80,0,2,3,3,2,2,0,2
47,Evet,Sık Seyahat,719,Satış,27,2,Fen Bilimleri,1,785,2,Kadın,77,4,2,Satış Yöneticisi,3,Bekar,6397,10339,4,Evet,12,3,4,80,0,8,2,3,5,4,1,3
34,Hayır,Seyrek Seyahat,304,Satış,2,3,Diğer,1,786,4,Erkek,60,3,2,Satış Yöneticisi,4,Bekar,6274,18686,1,Hayır,22,4,3,80,0,6,5,3,6,5,1,4
55,Evet,Seyrek Seyahat,725,Araştırma ve Geliştirme,2,3,Tıp,1,787,4,Erkek,78,3,5,Yönetici,1,Evli,19859,21199,5,Evet,13,3,4,80,1,24,2,3,5,2,1,4
36,Hayır,Seyahat Etmez,1434,Satış,8,4,Fen Bilimleri,1,789,1,Erkek,76,2,3,Satış Yöneticisi,1,Bekar,7587,14229,1,Hayır,15,3,2,80,0,10,1,3,10,7,0,9
52,Hayır,Seyahat Etmez,715,Araştırma ve Geliştirme,19,4,Tıp,1,791,4,Erkek,41,3,1,Araştırma Bilimcisi,4,Evli,4258,26589,0,Hayır,18,3,1,80,1,5,3,3,4,3,1,2
26,Hayır,Sık Seyahat,575,Araştırma ve Geliştirme,1,2,Fen Bilimleri,1,792,1,Kadın,71,1,1,Laboratuvar Teknikeri,4,Boşanmış,4364,5288,3,Hayır,14,3,1,80,1,5,2,3,2,2,2,0
29,Hayır,Seyrek Seyahat,657,Araştırma ve Geliştirme,27,3,Tıp,1,793,2,Kadın,66,3,2,Sağlık Temsilcisi,3,Evli,4335,25549,4,Hayır,12,3,1,80,1,11,3,2,8,7,1,1
26,Evet,Seyrek Seyahat,1146,Satış,8,3,Mühendislik,1,796,4,Erkek,38,2,2,Satış Yöneticisi,1,Bekar,5326,3064,6,Hayır,17,3,3,80,0,6,2,2,4,3,1,2
34,Hayır,Seyrek Seyahat,182,Araştırma ve Geliştirme,1,4,Fen Bilimleri,1,797,2,Kadın,72,4,1,Araştırma Bilimcisi,4,Bekar,3280,13551,2,Hayır,16,3,3,80,0,10,2,3,4,2,1,3
54,Hayır,Seyrek Seyahat,376,Araştırma ve Geliştirme,19,4,Tıp,1,799,4,Kadın,95,3,2,Üretim Direktörü,1,Boşanmış,5485,22670,9,Evet,11,3,2,80,2,9,4,3,5,3,1,4
27,Hayır,Sık Seyahat,829,Satış,8,1,Pazarlama,1,800,3,Erkek,84,3,2,Satış Yöneticisi,4,Evli,4342,24008,0,Hayır,19,3,2,80,1,5,3,3,4,2,1,1
37,Hayır,Seyrek Seyahat,571,Araştırma ve Geliştirme,10,1,Fen Bilimleri,1,802,4,Kadın,82,3,1,Araştırma Bilimcisi,1,Boşanmış,2782,19905,0,Evet,13,3,2,80,2,6,3,2,5,3,4,3
38,Hayır,Sık Seyahat,240,Araştırma ve Geliştirme,2,4,Fen Bilimleri,1,803,1,Kadın,75,4,2,Üretim Direktörü,1,Bekar,5980,26085,6,Evet,12,3,4,80,0,17,2,3,15,7,4,12
34,Hayır,Seyrek Seyahat,121,Araştırma ve Geliştirme,2,4,Tıp,1,804,3,Kadın,86,2,1,Araştırma Bilimcisi,1,Bekar,4381,7530,1,Hayır,11,3,3,80,0,6,3,3,6,5,1,3
35,Hayır,Seyrek Seyahat,384,Satış,8,4,Fen Bilimleri,1,805,1,Kadın,72,3,1,Satış Temsilcisi,4,Evli,2572,20317,1,Hayır,16,3,2,80,1,3,1,2,3,2,0,2
30,Hayır,Seyrek Seyahat,921,Araştırma ve Geliştirme,1,3,Fen Bilimleri,1,806,4,Erkek,38,1,1,Laboratuvar Teknikeri,3,Evli,3833,24375,3,Hayır,21,4,3,80,2,7,2,3,2,2,0,2
40,Hayır,Sık Seyahat,791,Araştırma ve Geliştirme,2,2,Tıp,1,807,3,Kadın,38,4,2,Sağlık Temsilcisi,2,Evli,4244,9931,1,Hayır,24,4,4,80,1,8,2,3,8,7,3,7
34,Hayır,Seyrek Seyahat,1111,Satış,8,2,Fen Bilimleri,1,808,3,Kadın,93,3,2,Satış Yöneticisi,1,Evli,6500,13305,5,Hayır,17,3,2,80,1,6,1,3,3,2,1,2
42,Hayır,Sık Seyahat,570,Araştırma ve Geliştirme,8,3,Fen Bilimleri,1,809,2,Erkek,66,3,5,Yönetici,4,Boşanmış,18430,16225,1,Hayır,13,3,2,80,1,24,4,2,24,7,14,9
23,Evet,Seyrek Seyahat,1243,Araştırma ve Geliştirme,6,3,Fen Bilimleri,1,811,3,Erkek,63,4,1,Laboratuvar Teknikeri,1,Evli,1601,3445,1,Evet,21,4,3,80,2,1,2,3,0,0,0,0
24,Hayır,Seyahat Etmez,1092,Araştırma ve Geliştirme,9,3,Fen Bilimleri,1,812,3,Erkek,60,2,1,Laboratuvar Teknikeri,2,Boşanmış,2694,26551,1,Hayır,11,3,3,80,3,1,4,3,1,0,0,0
52,Hayır,Seyrek Seyahat,1325,Araştırma ve Geliştirme,11,4,Fen Bilimleri,1,813,4,Kadın,82,3,2,Laboratuvar Teknikeri,3,Evli,3149,21821,8,Hayır,20,4,2,80,1,9,3,3,5,2,1,4
50,Hayır,Seyrek Seyahat,691,Araştırma ve Geliştirme,2,3,Tıp,1,815,3,Erkek,64,3,4,Araştırma Direktörü,3,Evli,17639,6881,5,Hayır,16,3,4,80,0,30,3,3,4,3,0,3
29,Evet,Seyrek Seyahat,805,Araştırma ve Geliştirme,1,2,Fen Bilimleri,1,816,2,Kadın,36,2,1,Laboratuvar Teknikeri,1,Evli,2319,6689,1,Evet,11,3,4,80,1,1,1,3,1,0,0,0
33,Hayır,Seyrek Seyahat,213,Araştırma ve Geliştirme,7,3,Tıp,1,817,3,Erkek,49,3,3,Araştırma Direktörü,3,Evli,11691,25995,0,Hayır,11,3,4,80,0,14,3,4,13,9,3,7
33,Evet,Seyrek Seyahat,118,Satış,16,3,Pazarlama,1,819,1,Kadın,69,3,2,Satış Yöneticisi,1,Bekar,5324,26507,5,Hayır,15,3,3,80,0,6,3,3,3,2,0,2
47,Hayır,Seyrek Seyahat,202,Araştırma ve Geliştirme,2,2,Diğer,1,820,3,Kadın,33,3,4,Yönetici,4,Evli,16752,12982,1,Evet,11,3,3,80,1,26,3,2,26,14,3,0
36,Hayır,Seyrek Seyahat,676,Araştırma ve Geliştirme,1,3,Diğer,1,823,3,Kadın,35,3,2,Üretim Direktörü,2,Evli,5228,23361,0,Hayır,15,3,1,80,1,10,2,3,9,7,0,5
29,Hayır,Seyrek Seyahat,1252,Araştırma ve Geliştirme,23,2,Fen Bilimleri,1,824,3,Erkek,81,4,1,Araştırma Bilimcisi,3,Evli,2700,23779,1,Hayır,24,4,3,80,1,10,3,3,10,7,0,7
58,Evet,Seyrek Seyahat,286,Araştırma ve Geliştirme,2,4,Fen Bilimleri,1,825,4,Erkek,31,3,5,Araştırma Direktörü,2,Bekar,19246,25761,7,Evet,12,3,4,80,0,40,2,3,31,15,13,8
35,Hayır,Seyrek Seyahat,1258,Araştırma ve Geliştirme,1,4,Fen Bilimleri,1,826,4,Kadın,40,4,1,Araştırma Bilimcisi,3,Bekar,2506,13301,3,Hayır,13,3,3,80,0,7,0,3,2,2,2,2
42,Hayır,Seyrek Seyahat,932,Araştırma ve Geliştirme,1,2,Fen Bilimleri,1,827,4,Kadın,43,2,2,Üretim Direktörü,4,Evli,6062,4051,9,Evet,13,3,4,80,1,8,4,3,4,3,0,2
28,Evet,Seyrek Seyahat,890,Araştırma ve Geliştirme,2,4,Tıp,1,828,3,Erkek,46,3,1,Araştırma Bilimcisi,3,Bekar,4382,16374,6,Hayır,17,3,4,80,0,5,3,2,2,2,2,1
36,Hayır,Seyrek Seyahat,1041,İnsan Kaynakları,13,3,İnsan Kaynakları,1,829,3,Erkek,36,3,1,İnsan Kaynakları,2,Evli,2143,25527,4,Hayır,13,3,2,80,1,8,2,3,5,2,0,4
32,Hayır,Seyrek Seyahat,859,Araştırma ve Geliştirme,4,3,Fen Bilimleri,1,830,3,Kadın,98,2,2,Üretim Direktörü,3,Evli,6162,19124,1,Hayır,12,3,3,80,1,14,3,3,14,13,6,8
40,Hayır,Sık Seyahat,720,Araştırma ve Geliştirme,16,4,Tıp,1,832,1,Erkek,51,2,2,Laboratuvar Teknikeri,3,Bekar,5094,11983,6,Hayır,14,3,4,80,0,10,6,3,1,0,0,0
30,Hayır,Seyrek Seyahat,946,Araştırma ve Geliştirme,2,3,Tıp,1,833,3,Kadın,52,2,2,Üretim Direktörü,4,Bekar,6877,20234,5,Evet,24,4,2,80,0,12,4,2,0,0,0,0
45,Hayır,Seyrek Seyahat,252,Araştırma ve Geliştirme,2,3,Fen Bilimleri,1,834,2,Kadın,95,2,1,Araştırma Bilimcisi,3,Bekar,2274,6153,1,Hayır,14,3,4,80,0,1,3,3,1,0,0,0
42,Hayır,Seyrek Seyahat,933,Araştırma ve Geliştirme,29,3,Fen Bilimleri,1,836,2,Erkek,98,3,2,Üretim Direktörü,2,Evli,4434,11806,1,Hayır,13,3,4,80,1,10,3,2,9,8,7,8
38,Hayır,Sık Seyahat,471,Araştırma ve Geliştirme,12,3,Fen Bilimleri,1,837,1,Erkek,45,2,2,Sağlık Temsilcisi,1,Boşanmış,6288,4284,2,Hayır,15,3,3,80,1,13,3,2,4,3,1,2
34,Hayır,Sık Seyahat,702,Araştırma ve Geliştirme,16,4,Fen Bilimleri,1,838,3,Kadın,100,2,1,Araştırma Bilimcisi,4,Bekar,2553,8306,1,Hayır,16,3,3,80,0,6,3,3,5,2,1,3
49,Evet,Seyrek Seyahat,1184,Satış,11,3,Pazarlama,1,840,3,Kadın,43,3,3,Satış Yöneticisi,4,Evli,7654,5860,1,Hayır,18,3,1,80,2,9,3,4,9,8,7,7
55,Evet,Seyrek Seyahat,436,Satış,2,1,Tıp,1,842,3,Erkek,37,3,2,Satış Yöneticisi,4,Bekar,5160,21519,4,Hayır,16,3,3,80,0,12,3,2,9,7,7,3
43,Hayır,Seyrek Seyahat,589,Araştırma ve Geliştirme,14,2,Fen Bilimleri,1,843,2,Erkek,94,3,4,Araştırma Direktörü,1,Evli,17159,5200,6,Hayır,24,4,3,80,1,22,3,3,4,1,1,0
27,Hayır,Seyrek Seyahat,269,Araştırma ve Geliştirme,5,1,Mühendislik,1,844,3,Erkek,42,2,3,Araştırma Direktörü,4,Boşanmış,12808,8842,1,Evet,16,3,2,80,1,9,3,3,9,8,0,8
35,Hayır,Seyrek Seyahat,950,Araştırma ve Geliştirme,7,3,Diğer,1,845,3,Erkek,59,3,3,Üretim Direktörü,3,Bekar,10221,18869,3,Hayır,21,4,2,80,0,17,3,4,8,5,1,6
28,Hayır,Seyrek Seyahat,760,Satış,2,4,Pazarlama,1,846,2,Kadın,81,3,2,Satış Yöneticisi,2,Evli,4779,3698,1,Evet,20,4,1,80,0,8,2,3,8,7,7,5
34,Hayır,Seyrek Seyahat,829,İnsan Kaynakları,3,2,İnsan Kaynakları,1,847,3,Erkek,88,3,1,İnsan Kaynakları,4,Evli,3737,2243,0,Hayır,19,3,3,80,1,4,1,1,3,2,0,2
26,Evet,Sık Seyahat,887,Araştırma ve Geliştirme,5,2,Tıp,1,848,3,Kadın,88,2,1,Araştırma Bilimcisi,3,Evli,2366,20898,1,Evet,14,3,1,80,1,8,2,3,8,7,1,7
27,Hayır,Seyahat Etmez,443,Araştırma ve Geliştirme,3,3,Tıp,1,850,4,Erkek,50,3,1,Araştırma Bilimcisi,4,Evli,1706,16571,1,Hayır,11,3,3,80,3,0,6,2,0,0,0,0
51,Hayır,Seyrek Seyahat,1318,Satış,26,4,Pazarlama,1,851,1,Kadın,66,3,4,Yönetici,3,Evli,16307,5594,2,Hayır,14,3,3,80,1,29,2,2,20,6,4,17
44,Hayır,Seyrek Seyahat,625,Araştırma ve Geliştirme,4,3,Tıp,1,852,4,Erkek,50,3,2,Sağlık Temsilcisi,2,Bekar,5933,5197,9,Hayır,12,3,4,80,0,10,2,2,5,2,2,3
25,Hayır,Seyrek Seyahat,180,Araştırma ve Geliştirme,2,1,Tıp,1,854,1,Erkek,65,4,1,Araştırma Bilimcisi,1,Bekar,3424,21632,7,Hayır,13,3,3,80,0,6,3,2,4,3,0,1
33,Hayır,Seyrek Seyahat,586,Satış,1,3,Tıp,1,855,1,Erkek,48,4,2,Satış Yöneticisi,1,Boşanmış,4037,21816,1,Hayır,22,4,1,80,1,9,5,3,9,8,0,8
35,Hayır,Seyrek Seyahat,1343,Araştırma ve Geliştirme,27,1,Tıp,1,856,3,Kadın,53,2,1,Araştırma Bilimcisi,1,Bekar,2559,17852,1,Hayır,11,3,4,80,0,6,3,2,6,5,1,1
36,Hayır,Seyrek Seyahat,928,Satış,1,2,Fen Bilimleri,1,857,2,Erkek,56,3,2,Satış Yöneticisi,4,Evli,6201,2823,1,Evet,14,3,4,80,1,18,1,2,18,14,4,11
32,Hayır,Seyrek Seyahat,117,Satış,13,4,Fen Bilimleri,1,859,2,Erkek,73,3,2,Satış Yöneticisi,4,Boşanmış,4403,9250,2,Hayır,11,3,3,80,1,8,3,2,5,2,0,3
30,Hayır,Sık Seyahat,1012,Araştırma ve Geliştirme,5,4,Fen Bilimleri,1,861,2,Erkek,75,2,1,Araştırma Bilimcisi,4,Boşanmış,3761,2373,9,Hayır,12,3,2,80,1,10,3,2,5,4,0,3
53,Hayır,Seyrek Seyahat,661,Satış,7,2,Pazarlama,1,862,1,Kadın,78,2,3,Satış Yöneticisi,4,Evli,10934,20715,7,Evet,18,3,4,80,1,35,3,3,5,2,0,4
45,Hayır,Seyrek Seyahat,930,Satış,9,3,Pazarlama,1,864,4,Erkek,74,3,3,Satış Yöneticisi,1,Boşanmış,10761,19239,4,Evet,12,3,3,80,1,18,2,3,5,4,0,2
32,Hayır,Seyrek Seyahat,638,Araştırma ve Geliştirme,8,2,Tıp,1,865,3,Kadın,91,4,2,Araştırma Bilimcisi,3,Evli,5175,22162,5,Hayır,12,3,3,80,1,9,3,2,5,3,1,3
52,Hayır,Sık Seyahat,890,Araştırma ve Geliştirme,25,4,Tıp,1,867,3,Kadın,81,2,4,Üretim Direktörü,4,Evli,13826,19028,3,Hayır,22,4,3,80,0,31,3,3,9,8,0,0
37,Hayır,Seyrek Seyahat,342,Satış,16,4,Pazarlama,1,868,4,Erkek,66,2,2,Satış Yöneticisi,3,Boşanmış,6334,24558,4,Hayır,19,3,4,80,2,9,2,3,1,0,0,0
28,Hayır,Seyrek Seyahat,1169,İnsan Kaynakları,8,2,Tıp,1,869,2,Erkek,63,2,1,İnsan Kaynakları,4,Boşanmış,4936,23965,1,Hayır,13,3,4,80,1,6,6,3,5,1,0,4
22,Hayır,Seyrek Seyahat,1230,Araştırma ve Geliştirme,1,2,Fen Bilimleri,1,872,4,Erkek,33,2,2,Üretim Direktörü,4,Evli,4775,19146,6,Hayır,22,4,1,80,2,4,2,1,2,2,2,2
44,Hayır,Seyrek Seyahat,986,Araştırma ve Geliştirme,8,4,Fen Bilimleri,1,874,1,Erkek,62,4,1,Laboratuvar Teknikeri,4,Evli,2818,5044,2,Evet,24,4,3,80,1,10,2,2,3,2,0,2
42,Hayır,Sık Seyahat,1271,Araştırma ve Geliştirme,2,1,Tıp,1,875,2,Erkek,35,3,1,Araştırma Bilimcisi,4,Bekar,2515,9068,5,Evet,14,3,4,80,0,8,2,3,2,1,2,2
36,Hayır,Seyrek Seyahat,1278,İnsan Kaynakları,8,3,Fen Bilimleri,1,878,1,Erkek,77,2,1,İnsan Kaynakları,1,Evli,2342,8635,0,Hayır,21,4,3,80,0,6,3,3,5,4,0,3
25,Hayır,Seyrek Seyahat,141,Satış,3,1,Diğer,1,879,3,Erkek,98,3,2,Satış Yöneticisi,1,Evli,4194,14363,1,Evet,18,3,4,80,0,5,3,3,5,3,0,3
35,Hayır,Seyrek Seyahat,607,Araştırma ve Geliştirme,9,3,Fen Bilimleri,1,880,4,Kadın,66,2,3,Üretim Direktörü,3,Evli,10685,23457,1,Evet,20,4,2,80,1,17,2,3,17,14,5,15
35,Evet,Sık Seyahat,130,Araştırma ve Geliştirme,25,4,Fen Bilimleri,1,881,4,Kadın,96,3,1,Araştırma Bilimcisi,2,Boşanmış,2022,16612,1,Evet,19,3,1,80,1,10,3,2,10,2,7,8
32,Hayır,Seyahat Etmez,300,Araştırma ve Geliştirme,1,3,Fen Bilimleri,1,882,4,Erkek,61,3,1,Laboratuvar Teknikeri,4,Boşanmış,2314,9148,0,Hayır,12,3,2,80,1,4,2,3,3,0,0,2
25,Hayır,Seyrek Seyahat,583,Satış,4,1,Pazarlama,1,885,3,Erkek,87,2,2,Satış Yöneticisi,1,Evli,4256,18154,1,Hayır,12,3,1,80,0,5,1,4,5,2,0,3
49,Hayır,Seyrek Seyahat,1418,Araştırma ve Geliştirme,1,3,Mühendislik,1,887,3,Kadın,36,3,1,Araştırma Bilimcisi,1,Evli,3580,10554,2,Hayır,16,3,2,80,1,7,2,3,4,2,0,2
24,Hayır,Seyahat Etmez,1269,Araştırma ve Geliştirme,4,1,Fen Bilimleri,1,888,1,Erkek,46,2,1,Laboratuvar Teknikeri,4,Evli,3162,10778,0,Hayır,17,3,4,80,0,6,2,2,5,2,3,4
32,Hayır,Sık Seyahat,379,Satış,5,2,Fen Bilimleri,1,889,2,Erkek,48,3,2,Satış Yöneticisi,2,Evli,6524,8891,1,Hayır,14,3,4,80,1,10,3,3,10,8,5,3
38,Hayır,Seyrek Seyahat,395,Satış,9,3,Pazarlama,1,893,2,Erkek,98,2,1,Satış Temsilcisi,2,Evli,2899,12102,0,Hayır,19,3,4,80,1,3,3,3,2,2,1,2
42,Hayır,Seyrek Seyahat,1265,Araştırma ve Geliştirme,3,3,Fen Bilimleri,1,894,3,Kadın,95,4,2,Laboratuvar Teknikeri,4,Evli,5231,23726,2,Evet,13,3,2,80,1,17,1,2,5,3,1,3
31,Hayır,Seyrek Seyahat,1222,Araştırma ve Geliştirme,11,4,Fen Bilimleri,1,895,4,Erkek,48,3,1,Araştırma Bilimcisi,4,Evli,2356,14871,3,Evet,19,3,2,80,1,8,2,3,6,4,0,2
29,Evet,Seyrek Seyahat,341,Satış,1,3,Tıp,1,896,2,Kadın,48,2,1,Satış Temsilcisi,3,Boşanmış,2800,23522,6,Evet,19,3,3,80,3,5,3,3,3,2,0,2
53,Hayır,Seyrek Seyahat,868,Satış,8,3,Pazarlama,1,897,1,Erkek,73,3,4,Satış Yöneticisi,4,Evli,11836,22789,5,Hayır,14,3,3,80,1,28,3,3,2,0,2,2
35,Hayır,Seyrek Seyahat,672,Araştırma ve Geliştirme,25,3,Mühendislik,1,899,4,Erkek,78,2,3,Üretim Direktörü,2,Evli,10903,9129,3,Hayır,16,3,1,80,0,16,2,3,13,10,4,8
37,Hayır,Sık Seyahat,1231,Satış,21,2,Tıp,1,900,3,Kadın,54,3,1,Satış Temsilcisi,4,Evli,2973,21222,5,Hayır,15,3,2,80,1,10,3,3,5,4,0,0
53,Hayır,Seyrek Seyahat,102,Araştırma ve Geliştirme,23,4,Fen Bilimleri,1,901,4,Kadın,72,3,4,Araştırma Direktörü,4,Bekar,14275,20206,6,Hayır,18,3,3,80,0,33,0,3,12,9,3,8
43,Hayır,Sık Seyahat,422,Araştırma ve Geliştirme,1,3,Fen Bilimleri,1,902,4,Kadın,33,3,2,Sağlık Temsilcisi,4,Evli,5562,21782,4,Hayır,13,3,2,80,1,12,2,2,5,2,2,2
47,Hayır,Seyrek Seyahat,249,Satış,2,2,Pazarlama,1,903,3,Kadın,35,3,2,Satış Yöneticisi,4,Evli,4537,17783,0,Evet,22,4,1,80,1,8,2,3,7,6,7,7
37,Hayır,Seyahat Etmez,1252,Satış,19,2,Tıp,1,904,1,Erkek,32,3,3,Satış Yöneticisi,2,Bekar,7642,4814,1,Evet,13,3,4,80,0,10,2,3,10,0,0,9
50,Hayır,Seyahat Etmez,881,Araştırma ve Geliştirme,2,4,Fen Bilimleri,1,905,1,Erkek,98,3,4,Yönetici,1,Boşanmış,17924,4544,1,Hayır,11,3,4,80,1,31,3,3,31,6,14,7
39,Hayır,Seyrek Seyahat,1383,İnsan Kaynakları,2,3,Fen Bilimleri,1,909,4,Kadın,42,2,2,İnsan Kaynakları,4,Evli,5204,7790,8,Hayır,11,3,3,80,2,13,2,3,5,4,0,4
33,Hayır,Seyrek Seyahat,1075,İnsan Kaynakları,3,2,İnsan Kaynakları,1,910,4,Erkek,57,3,1,İnsan Kaynakları,2,Boşanmış,2277,22650,3,Evet,11,3,3,80,1,7,4,4,4,3,0,3
32,Evet,Seyrek Seyahat,374,Araştırma ve Geliştirme,25,4,Fen Bilimleri,1,911,1,Erkek,87,3,1,Laboratuvar Teknikeri,4,Bekar,2795,18016,1,Evet,24,4,3,80,0,1,2,1,1,0,0,1
29,Hayır,Seyrek Seyahat,1086,Araştırma ve Geliştirme,7,1,Tıp,1,912,1,Kadın,62,2,1,Laboratuvar Teknikeri,4,Boşanmış,2532,6054,6,Hayır,14,3,3,80,3,8,5,3,4,3,0,3
44,Hayır,Seyrek Seyahat,661,Araştırma ve Geliştirme,9,2,Fen Bilimleri,1,913,2,Erkek,61,3,1,Araştırma Bilimcisi,1,Evli,2559,7508,1,Evet,13,3,4,80,0,8,0,3,8,7,7,1
28,Hayır,Seyrek Seyahat,821,Satış,5,4,Tıp,1,916,1,Erkek,98,3,2,Satış Yöneticisi,4,Bekar,4908,24252,1,Hayır,14,3,2,80,0,4,3,3,4,2,0,2
58,Evet,Sık Seyahat,781,Araştırma ve Geliştirme,2,1,Fen Bilimleri,1,918,4,Erkek,57,2,1,Laboratuvar Teknikeri,4,Boşanmış,2380,13384,9,Evet,14,3,4,80,1,3,3,2,1,0,0,0
43,Hayır,Seyrek Seyahat,177,Araştırma ve Geliştirme,8,3,Fen Bilimleri,1,920,1,Kadın,55,3,2,Üretim Direktörü,2,Boşanmış,4765,23814,4,Hayır,21,4,3,80,1,4,2,4,1,0,0,0
20,Evet,Seyrek Seyahat,500,Satış,2,3,Tıp,1,922,3,Kadın,49,2,1,Satış Temsilcisi,3,Bekar,2044,22052,1,Hayır,13,3,4,80,0,2,3,2,2,2,0,2
21,Evet,Seyrek Seyahat,1427,Araştırma ve Geliştirme,18,1,Diğer,1,923,4,Kadın,65,3,1,Araştırma Bilimcisi,4,Bekar,2693,8870,1,Hayır,19,3,1,80,0,1,3,2,1,0,0,0
36,Hayır,Seyrek Seyahat,1425,Araştırma ve Geliştirme,14,1,Fen Bilimleri,1,924,3,Erkek,68,3,2,Sağlık Temsilcisi,4,Evli,6586,4821,0,Evet,17,3,1,80,1,17,2,2,16,8,4,11
47,Hayır,Seyrek Seyahat,1454,Satış,2,4,Fen Bilimleri,1,925,4,Kadın,65,2,1,Satış Temsilcisi,4,Bekar,3294,13137,1,Evet,18,3,1,80,0,3,3,2,3,2,1,2
22,Evet,Seyrek Seyahat,617,Araştırma ve Geliştirme,3,1,Fen Bilimleri,1,926,2,Kadın,34,3,2,Üretim Direktörü,3,Evli,4171,10022,0,Evet,19,3,1,80,1,4,3,4,3,2,0,2
41,Evet,Seyrek Seyahat,1085,Araştırma ve Geliştirme,2,4,Fen Bilimleri,1,927,2,Kadın,57,1,1,Laboratuvar Teknikeri,4,Boşanmış,2778,17725,4,Evet,13,3,3,80,1,10,1,2,7,7,1,0
28,Hayır,Seyrek Seyahat,995,Araştırma ve Geliştirme,9,3,Tıp,1,930,3,Kadın,77,3,1,Araştırma Bilimcisi,3,Boşanmış,2377,9834,5,Hayır,18,3,2,80,1,6,2,3,2,2,2,2
39,Evet,Seyrek Seyahat,1122,Araştırma ve Geliştirme,6,3,Tıp,1,932,4,Erkek,70,3,1,Laboratuvar Teknikeri,1,Evli,2404,4303,7,Evet,21,4,4,80,0,8,2,1,2,2,2,2
27,Hayır,Seyrek Seyahat,618,Araştırma ve Geliştirme,4,3,Fen Bilimleri,1,933,2,Kadın,76,3,1,Araştırma Bilimcisi,3,Bekar,2318,17808,1,Hayır,19,3,3,80,0,1,2,3,1,1,0,0
34,Hayır,Seyrek Seyahat,546,Araştırma ve Geliştirme,10,3,Fen Bilimleri,1,934,2,Erkek,83,3,1,Laboratuvar Teknikeri,2,Boşanmış,2008,6896,1,Hayır,14,3,2,80,2,1,3,3,1,0,1,0
42,Hayır,Seyrek Seyahat,462,Satış,14,2,Tıp,1,936,3,Kadın,68,2,2,Satış Yöneticisi,3,Bekar,6244,7824,7,Hayır,17,3,1,80,0,10,6,3,5,4,0,3
33,Hayır,Seyrek Seyahat,1198,Araştırma ve Geliştirme,1,4,Diğer,1,939,3,Erkek,100,2,1,Araştırma Bilimcisi,1,Bekar,2799,3339,3,Evet,11,3,2,80,0,6,1,3,3,2,0,2
58,Hayır,Seyrek Seyahat,1272,Araştırma ve Geliştirme,5,3,Mühendislik,1,940,3,Kadın,37,2,3,Sağlık Temsilcisi,2,Boşanmış,10552,9255,2,Evet,13,3,4,80,1,24,3,3,6,0,0,4
31,Hayır,Seyrek Seyahat,154,Satış,7,4,Fen Bilimleri,1,941,2,Erkek,41,2,1,Satış Temsilcisi,3,Evli,2329,11737,3,Hayır,15,3,2,80,0,13,2,4,7,7,5,2
35,Hayır,Seyrek Seyahat,1137,Araştırma ve Geliştirme,21,1,Fen Bilimleri,1,942,4,Kadın,51,3,2,Sağlık Temsilcisi,4,Evli,4014,19170,1,Evet,25,4,4,80,1,10,2,1,10,6,0,7
49,Hayır,Seyrek Seyahat,527,Araştırma ve Geliştirme,8,2,Diğer,1,944,1,Kadın,51,3,3,Laboratuvar Teknikeri,2,Evli,7403,22477,4,Hayır,11,3,3,80,1,29,3,2,26,9,1,7
48,Hayır,Seyrek Seyahat,1469,Araştırma ve Geliştirme,20,4,Tıp,1,945,4,Erkek,51,3,1,Araştırma Bilimcisi,3,Evli,2259,5543,4,Hayır,17,3,1,80,2,13,2,2,0,0,0,0
31,Hayır,Seyahat Etmez,1188,Satış,20,2,Pazarlama,1,947,4,Kadın,45,3,2,Satış Yöneticisi,3,Evli,6932,24406,1,Hayır,13,3,4,80,1,9,2,2,9,8,0,0
36,Hayır,Seyrek Seyahat,188,Araştırma ve Geliştirme,7,4,Diğer,1,949,2,Erkek,65,3,1,Araştırma Bilimcisi,4,Bekar,4678,23293,2,Hayır,18,3,3,80,0,8,6,3,6,2,0,1
38,Hayır,Seyrek Seyahat,1333,Araştırma ve Geliştirme,1,3,Mühendislik,1,950,4,Kadın,80,3,3,Araştırma Direktörü,1,Evli,13582,16292,1,Hayır,13,3,2,80,1,15,3,3,15,12,5,11
32,Hayır,Seyahat Etmez,1184,Araştırma ve Geliştirme,1,3,Fen Bilimleri,1,951,3,Kadın,70,2,1,Laboratuvar Teknikeri,2,Evli,2332,3974,6,Hayır,20,4,3,80,0,5,3,3,3,0,0,2
25,Evet,Seyrek Seyahat,867,Satış,19,2,Pazarlama,1,952,3,Erkek,36,2,1,Satış Temsilcisi,2,Evli,2413,18798,1,Evet,18,3,3,80,3,1,2,3,1,0,0,0
40,Hayır,Seyrek Seyahat,658,Satış,10,4,Pazarlama,1,954,1,Erkek,67,2,3,Satış Yöneticisi,2,Boşanmış,9705,20652,2,Hayır,12,3,2,80,1,11,2,2,1,0,0,0
26,Hayır,Sık Seyahat,1283,Satış,1,3,Tıp,1,956,3,Erkek,52,2,2,Satış Yöneticisi,1,Bekar,4294,11148,1,Hayır,12,3,2,80,0,7,2,3,7,7,0,7
41,Hayır,Seyrek Seyahat,263,Araştırma ve Geliştirme,6,3,Tıp,1,957,4,Erkek,59,3,1,Laboratuvar Teknikeri,1,Bekar,4721,3119,2,Evet,13,3,3,80,0,20,3,3,18,13,2,17
36,Hayır,Seyrek Seyahat,938,Araştırma ve Geliştirme,2,4,Tıp,1,958,3,Erkek,79,3,1,Laboratuvar Teknikeri,3,Bekar,2519,12287,4,Hayır,21,4,3,80,0,16,6,3,11,8,3,9
19,Evet,Seyrek Seyahat,419,Satış,21,3,Diğer,1,959,4,Erkek,37,2,1,Satış Temsilcisi,2,Bekar,2121,9947,1,Evet,13,3,2,80,0,1,3,4,1,0,0,0
20,Evet,Seyrek Seyahat,129,Araştırma ve Geliştirme,4,3,Mühendislik,1,960,1,Erkek,84,3,1,Laboratuvar Teknikeri,1,Bekar,2973,13008,1,Hayır,19,3,2,80,0,1,2,3,1,0,0,0
31,Hayır,Seyrek Seyahat,616,Araştırma ve Geliştirme,12,3,Tıp,1,961,4,Kadın,41,3,2,Sağlık Temsilcisi,4,Evli,5855,17369,0,Evet,11,3,3,80,2,10,2,1,9,7,8,5
40,Hayır,Sık Seyahat,1469,Araştırma ve Geliştirme,9,4,Tıp,1,964,4,Erkek,35,3,1,Araştırma Bilimcisi,2,Boşanmış,3617,25063,8,Evet,14,3,4,80,1,3,2,3,1,1,0,0
32,Hayır,Seyrek Seyahat,498,Araştırma ve Geliştirme,3,4,Tıp,1,966,3,Kadın,93,3,2,Üretim Direktörü,1,Evli,6725,13554,1,Hayır,12,3,3,80,1,8,2,4,8,7,6,3
36,Evet,Seyrek Seyahat,530,Satış,3,1,Fen Bilimleri,1,967,3,Erkek,51,2,3,Satış Yöneticisi,4,Evli,10325,5518,1,Evet,11,3,1,80,1,16,6,3,16,7,3,7
33,Hayır,Seyrek Seyahat,1069,Araştırma ve Geliştirme,1,3,Fen Bilimleri,1,969,2,Kadın,42,2,2,Sağlık Temsilcisi,4,Bekar,6949,12291,0,Hayır,14,3,1,80,0,6,3,3,5,0,1,4
37,Evet,Seyrek Seyahat,625,Satış,1,4,Fen Bilimleri,1,970,1,Erkek,46,2,3,Satış Yöneticisi,3,Evli,10609,14922,5,Hayır,11,3,3,80,0,17,2,1,14,1,11,7
45,Hayır,Seyahat Etmez,805,Araştırma ve Geliştirme,4,2,Fen Bilimleri,1,972,3,Erkek,57,3,2,Laboratuvar Teknikeri,2,Evli,4447,23163,1,Hayır,12,3,2,80,0,9,5,2,9,7,0,8
29,Hayır,Sık Seyahat,1404,Satış,20,3,Mühendislik,1,974,3,Kadın,84,3,1,Satış Temsilcisi,4,Evli,2157,18203,1,Hayır,15,3,2,80,1,3,5,3,3,1,0,2
35,Hayır,Seyrek Seyahat,1219,Satış,18,3,Tıp,1,975,3,Kadın,86,3,2,Satış Yöneticisi,3,Evli,4601,6179,1,Hayır,16,3,2,80,0,5,3,3,5,2,1,0
52,Hayır,Seyrek Seyahat,1053,Araştırma ve Geliştirme,1,2,Fen Bilimleri,1,976,4,Erkek,70,3,4,Yönetici,4,Evli,17099,13829,2,Hayır,15,3,2,80,1,26,2,2,9,8,7,8
58,Evet,Seyrek Seyahat,289,Araştırma ve Geliştirme,2,3,Mühendislik,1,977,4,Erkek,51,3,1,Araştırma Bilimcisi,3,Bekar,2479,26227,4,Hayır,24,4,1,80,0,7,4,3,1,0,0,0
53,Hayır,Seyrek Seyahat,1376,Satış,2,2,Tıp,1,981,3,Erkek,45,3,4,Yönetici,3,Boşanmış,14852,13938,6,Hayır,13,3,3,80,1,22,3,4,17,13,15,2
30,Hayır,Seyrek Seyahat,231,Satış,8,2,Diğer,1,982,3,Erkek,62,3,3,Satış Yöneticisi,3,Boşanmış,7264,9977,5,Hayır,11,3,1,80,1,10,2,4,8,4,7,7
38,Hayır,Seyahat Etmez,152,Satış,10,3,Mühendislik,1,983,3,Kadın,85,3,2,Satış Yöneticisi,4,Bekar,5666,19899,1,Evet,13,3,2,80,0,6,1,3,5,3,1,3
35,Hayır,Seyrek Seyahat,882,Satış,3,4,Fen Bilimleri,1,984,4,Erkek,92,3,3,Satış Yöneticisi,4,Boşanmış,7823,6812,6,Hayır,13,3,2,80,1,12,2,3,10,9,0,8
39,Hayır,Seyrek Seyahat,903,Satış,2,5,Fen Bilimleri,1,985,1,Erkek,41,4,3,Satış Yöneticisi,3,Bekar,7880,2560,0,Hayır,18,3,4,80,0,9,3,3,8,7,0,7
40,Evet,Seyahat Etmez,1479,Satış,24,3,Fen Bilimleri,1,986,2,Kadın,100,4,4,Satış Yöneticisi,2,Bekar,13194,17071,4,Evet,16,3,4,80,0,22,2,2,1,0,0,0
47,Hayır,Sık Seyahat,1379,Araştırma ve Geliştirme,16,4,Tıp,1,987,3,Erkek,64,4,2,Üretim Direktörü,3,Boşanmış,5067,6759,1,Evet,19,3,3,80,0,20,3,4,19,10,2,7
36,Hayır,Seyahat Etmez,1229,Satış,8,4,Mühendislik,1,990,1,Erkek,84,3,2,Satış Yöneticisi,4,Boşanmış,5079,25952,4,Hayır,13,3,4,80,2,12,3,3,7,7,0,7
31,Evet,Seyahat Etmez,335,Araştırma ve Geliştirme,9,2,Tıp,1,991,3,Erkek,46,2,1,Araştırma Bilimcisi,1,Bekar,2321,10322,0,Evet,22,4,1,80,0,4,0,3,3,2,1,2
33,Hayır,Seyahat Etmez,722,Satış,17,3,Fen Bilimleri,1,992,4,Erkek,38,3,4,Yönetici,3,Bekar,17444,20489,1,Hayır,11,3,4,80,0,10,2,3,10,8,6,0
29,Evet,Seyrek Seyahat,906,Araştırma ve Geliştirme,10,3,Fen Bilimleri,1,994,4,Kadın,92,2,1,Araştırma Bilimcisi,1,Bekar,2404,11479,6,Evet,20,4,3,80,0,3,5,3,0,0,0,0
33,Hayır,Seyrek Seyahat,461,Araştırma ve Geliştirme,13,1,Fen Bilimleri,1,995,2,Kadın,53,3,1,Araştırma Bilimcisi,4,Bekar,3452,17241,3,Hayır,18,3,1,80,0,5,4,3,3,2,0,2
45,Hayır,Seyrek Seyahat,974,Araştırma ve Geliştirme,1,4,Tıp,1,996,4,Kadın,91,3,1,Laboratuvar Teknikeri,4,Boşanmış,2270,11005,3,Hayır,14,3,4,80,2,8,2,3,5,3,0,2
50,Hayır,Seyrek Seyahat,1126,Araştırma ve Geliştirme,1,2,Tıp,1,997,4,Erkek,66,3,4,Araştırma Direktörü,4,Boşanmış,17399,6615,9,Hayır,22,4,3,80,1,32,1,2,5,4,1,3
33,Hayır,Sık Seyahat,827,Araştırma ve Geliştirme,1,4,Diğer,1,998,3,Kadın,84,4,2,Sağlık Temsilcisi,2,Evli,5488,20161,1,Evet,13,3,1,80,1,6,2,3,6,5,1,2
41,Hayır,Sık Seyahat,840,Araştırma ve Geliştirme,9,3,Tıp,1,999,1,Erkek,64,3,5,Araştırma Direktörü,3,Boşanmış,19419,3735,2,Hayır,17,3,2,80,1,21,2,4,18,16,0,11
27,Hayır,Seyrek Seyahat,1134,Araştırma ve Geliştirme,16,4,Mühendislik,1,1001,3,Kadın,37,3,1,Laboratuvar Teknikeri,2,Evli,2811,12086,9,Hayır,14,3,2,80,1,4,2,3,2,2,2,2
45,Hayır,Seyahat Etmez,248,Araştırma ve Geliştirme,23,2,Fen Bilimleri,1,1002,4,Erkek,42,3,2,Laboratuvar Teknikeri,1,Evli,3633,14039,1,Evet,15,3,3,80,1,9,2,3,9,8,0,8
47,Hayır,Seyrek Seyahat,955,Satış,4,2,Fen Bilimleri,1,1003,4,Kadın,83,3,2,Satış Yöneticisi,4,Bekar,4163,8571,1,Evet,17,3,3,80,0,9,0,3,9,0,0,7
30,Evet,Seyrek Seyahat,138,Araştırma ve Geliştirme,22,3,Fen Bilimleri,1,1004,1,Kadın,48,3,1,Araştırma Bilimcisi,3,Evli,2132,11539,4,Evet,11,3,2,80,0,7,2,3,5,2,0,1
50,Hayır,Seyrek Seyahat,939,Araştırma ve Geliştirme,24,3,Fen Bilimleri,1,1005,4,Erkek,95,3,4,Üretim Direktörü,3,Evli,13973,4161,3,Evet,18,3,4,80,1,22,2,3,12,11,1,5
38,Hayır,Sık Seyahat,1391,Araştırma ve Geliştirme,10,1,Tıp,1,1006,3,Erkek,66,3,1,Araştırma Bilimcisi,3,Evli,2684,12127,0,Hayır,17,3,2,80,1,3,0,2,2,1,0,2
46,Hayır,Seyrek Seyahat,566,Araştırma ve Geliştirme,7,2,Tıp,1,1007,4,Erkek,75,3,3,Üretim Direktörü,3,Boşanmış,10845,24208,6,Hayır,13,3,2,80,1,13,3,3,8,7,0,7
24,Hayır,Seyrek Seyahat,1206,Araştırma ve Geliştirme,17,1,Tıp,1,1009,4,Kadın,41,2,2,Üretim Direktörü,3,Boşanmış,4377,24117,1,Hayır,15,3,2,80,2,5,6,3,4,2,3,2
35,Evet,Seyrek Seyahat,622,Araştırma ve Geliştirme,14,4,Diğer,1,1010,3,Erkek,39,2,1,Laboratuvar Teknikeri,2,Boşanmış,3743,10074,1,Evet,24,4,4,80,1,5,2,1,4,2,0,2
31,Hayır,Sık Seyahat,853,Araştırma ve Geliştirme,1,1,Fen Bilimleri,1,1011,3,Kadın,96,3,2,Üretim Direktörü,1,Evli,4148,11275,1,Hayır,12,3,3,80,1,4,1,3,4,3,0,3
18,Hayır,Seyahat Etmez,287,Araştırma ve Geliştirme,5,2,Fen Bilimleri,1,1012,2,Erkek,73,3,1,Araştırma Bilimcisi,4,Bekar,1051,13493,1,Hayır,15,3,4,80,0,0,2,3,0,0,0,0
54,Hayır,Seyrek Seyahat,1441,Araştırma ve Geliştirme,17,3,Mühendislik,1,1013,3,Kadın,56,3,3,Üretim Direktörü,3,Evli,10739,13943,8,Hayır,11,3,3,80,1,22,2,3,10,7,0,8
35,Hayır,Seyrek Seyahat,583,Araştırma ve Geliştirme,25,4,Tıp,1,1014,3,Kadın,57,3,3,Sağlık Temsilcisi,3,Boşanmış,10388,6975,1,Evet,11,3,3,80,1,16,3,2,16,10,10,1
30,Hayır,Seyrek Seyahat,153,Araştırma ve Geliştirme,8,2,Fen Bilimleri,1,1015,2,Kadın,73,4,3,Araştırma Direktörü,1,Evli,11416,17802,0,Evet,12,3,3,80,3,9,4,2,8,7,1,7
20,Evet,Seyrek Seyahat,1097,Araştırma ve Geliştirme,11,3,Tıp,1,1016,4,Kadın,98,2,1,Araştırma Bilimcisi,1,Bekar,2600,18275,1,Evet,15,3,1,80,0,1,2,3,1,0,0,0
30,Evet,Sık Seyahat,109,Araştırma ve Geliştirme,5,3,Tıp,1,1017,2,Kadın,60,3,1,Laboratuvar Teknikeri,2,Bekar,2422,25725,0,Hayır,17,3,1,80,0,4,3,3,3,2,1,2
26,Hayır,Seyrek Seyahat,1066,Araştırma ve Geliştirme,2,2,Tıp,1,1018,4,Erkek,32,4,2,Üretim Direktörü,4,Evli,5472,3334,1,Hayır,12,3,2,80,0,8,2,3,8,7,1,3
22,Hayır,Seyrek Seyahat,217,Araştırma ve Geliştirme,8,1,Fen Bilimleri,1,1019,2,Erkek,94,1,1,Laboratuvar Teknikeri,1,Evli,2451,6881,1,Hayır,15,3,1,80,1,4,3,2,4,3,1,1
48,Hayır,Seyrek Seyahat,277,Araştırma ve Geliştirme,6,3,Fen Bilimleri,1,1022,1,Erkek,97,2,2,Sağlık Temsilcisi,3,Bekar,4240,13119,2,Hayır,13,3,4,80,0,19,0,3,2,2,2,2
48,Hayır,Seyrek Seyahat,1355,Araştırma ve Geliştirme,4,4,Fen Bilimleri,1,1024,3,Erkek,78,2,3,Sağlık Temsilcisi,3,Bekar,10999,22245,7,Hayır,14,3,2,80,0,27,3,3,15,11,4,8
41,Hayır,Seyrek Seyahat,549,Araştırma ve Geliştirme,7,2,Tıp,1,1025,4,Kadın,42,3,2,Üretim Direktörü,3,Bekar,5003,23371,6,Hayır,14,3,2,80,0,8,6,3,2,2,2,1
39,Hayır,Seyrek Seyahat,466,Araştırma ve Geliştirme,1,1,Fen Bilimleri,1,1026,4,Kadın,65,2,4,Üretim Direktörü,4,Evli,12742,7060,1,Hayır,16,3,3,80,1,21,3,3,21,6,11,8
27,Hayır,Seyrek Seyahat,1055,Araştırma ve Geliştirme,2,4,Fen Bilimleri,1,1027,1,Kadın,47,3,2,Üretim Direktörü,4,Evli,4227,4658,0,Hayır,18,3,2,80,1,4,2,3,3,2,2,2
35,Hayır,Seyrek Seyahat,802,Araştırma ve Geliştirme,10,3,Diğer,1,1028,2,Erkek,45,3,1,Laboratuvar Teknikeri,4,Boşanmış,3917,9541,1,Hayır,20,4,1,80,1,3,4,2,3,2,1,2
42,Hayır,Seyrek Seyahat,265,Satış,5,2,Pazarlama,1,1029,4,Erkek,90,3,5,Yönetici,3,Evli,18303,7770,6,Hayır,13,3,2,80,0,21,3,4,1,0,0,0
50,Hayır,Seyrek Seyahat,804,Araştırma ve Geliştirme,9,3,Fen Bilimleri,1,1030,1,Erkek,64,3,1,Laboratuvar Teknikeri,4,Evli,2380,20165,4,Hayır,18,3,2,80,0,8,5,3,1,0,0,0
59,Hayır,Seyrek Seyahat,715,Araştırma ve Geliştirme,2,3,Fen Bilimleri,1,1032,3,Kadın,69,2,4,Üretim Direktörü,4,Bekar,13726,21829,3,Evet,13,3,1,80,0,30,4,3,5,3,4,3
37,Evet,Seyrek Seyahat,1141,Araştırma ve Geliştirme,11,2,Tıp,1,1033,1,Kadın,61,1,2,Sağlık Temsilcisi,2,Evli,4777,14382,5,Hayır,15,3,1,80,0,15,2,1,1,0,0,0
55,Hayır,Sık Seyahat,135,Araştırma ve Geliştirme,18,4,Tıp,1,1034,3,Erkek,62,3,2,Sağlık Temsilcisi,2,Evli,6385,12992,3,Evet,14,3,4,80,2,17,3,3,8,7,6,7
41,Hayır,Seyahat Etmez,247,Araştırma ve Geliştirme,7,1,Fen Bilimleri,1,1035,2,Kadın,55,1,5,Araştırma Direktörü,3,Boşanmış,19973,20284,1,Hayır,22,4,2,80,2,21,3,3,21,16,5,10
38,Hayır,Seyrek Seyahat,1035,Satış,3,4,Fen Bilimleri,1,1036,2,Erkek,42,3,2,Satış Yöneticisi,4,Bekar,6861,4981,8,Evet,12,3,3,80,0,19,1,3,1,0,0,0
26,Evet,Seyahat Etmez,265,Satış,29,2,Tıp,1,1037,2,Erkek,79,1,2,Satış Yöneticisi,1,Bekar,4969,21813,8,Hayır,18,3,4,80,0,7,6,3,2,2,2,2
52,Evet,Seyrek Seyahat,266,Satış,2,1,Pazarlama,1,1038,1,Kadın,57,1,5,Yönetici,4,Evli,19845,25846,1,Hayır,15,3,4,80,1,33,3,3,32,14,6,9
44,Hayır,Seyrek Seyahat,1448,Satış,28,3,Tıp,1,1039,4,Kadın,53,4,4,Satış Yöneticisi,4,Evli,13320,11737,3,Evet,18,3,3,80,1,23,2,3,12,11,11,11
50,Hayır,Seyahat Etmez,145,Satış,1,3,Fen Bilimleri,1,1040,4,Kadın,95,3,2,Satış Yöneticisi,3,Evli,6347,24920,0,Hayır,12,3,1,80,1,19,3,3,18,7,0,13
36,Evet,Seyrek Seyahat,885,Araştırma ve Geliştirme,16,4,Fen Bilimleri,1,1042,3,Kadın,43,4,1,Laboratuvar Teknikeri,1,Bekar,2743,8269,1,Hayır,16,3,3,80,0,18,1,3,17,13,15,14
39,Hayır,Sık Seyahat,945,Araştırma ve Geliştirme,22,3,Tıp,1,1043,4,Kadın,82,3,3,Üretim Direktörü,1,Bekar,10880,5083,1,Evet,13,3,3,80,0,21,2,3,21,6,2,8
33,Hayır,Seyahat Etmez,1038,Satış,8,1,Fen Bilimleri,1,1044,2,Kadın,88,2,1,Satış Temsilcisi,4,Bekar,2342,21437,0,Hayır,19,3,4,80,0,3,2,2,2,2,2,2
45,Hayır,Seyrek Seyahat,1234,Satış,11,2,Fen Bilimleri,1,1045,4,Kadın,90,3,4,Yönetici,4,Evli,17650,5404,3,Hayır,13,3,2,80,1,26,4,4,9,3,1,1
32,Hayır,Seyahat Etmez,1109,Araştırma ve Geliştirme,29,4,Tıp,1,1046,4,Kadın,69,3,1,Laboratuvar Teknikeri,3,Bekar,4025,11135,9,Hayır,12,3,2,80,0,10,2,3,8,7,7,7
34,Hayır,Seyrek Seyahat,216,Satış,1,4,Pazarlama,1,1047,2,Erkek,75,4,2,Satış Yöneticisi,4,Boşanmış,9725,12278,0,Hayır,11,3,4,80,1,16,2,2,15,1,0,9
59,Hayır,Seyrek Seyahat,1089,Satış,1,2,Mühendislik,1,1048,2,Erkek,66,3,3,Yönetici,4,Evli,11904,11038,3,Evet,14,3,3,80,1,14,1,1,6,4,0,4
45,Hayır,Seyrek Seyahat,788,İnsan Kaynakları,24,4,Tıp,1,1049,2,Erkek,36,3,1,İnsan Kaynakları,2,Bekar,2177,8318,1,Hayır,16,3,1,80,0,6,3,3,6,3,0,4
53,Hayır,Sık Seyahat,124,Satış,2,3,Pazarlama,1,1050,3,Kadın,38,2,3,Satış Yöneticisi,2,Evli,7525,23537,2,Hayır,12,3,1,80,1,30,2,3,15,7,6,12
36,Evet,Seyrek Seyahat,660,Araştırma ve Geliştirme,15,3,Diğer,1,1052,1,Erkek,81,3,2,Laboratuvar Teknikeri,3,Boşanmış,4834,7858,7,Hayır,14,3,2,80,1,9,3,2,1,0,0,0
26,Evet,Sık Seyahat,342,Araştırma ve Geliştirme,2,3,Fen Bilimleri,1,1053,1,Erkek,57,3,1,Araştırma Bilimcisi,1,Evli,2042,15346,6,Evet,14,3,2,80,1,6,2,3,3,2,1,2
34,Hayır,Seyrek Seyahat,1333,Satış,10,4,Fen Bilimleri,1,1055,3,Kadın,87,3,1,Satış Temsilcisi,3,Evli,2220,18410,1,Evet,19,3,4,80,1,1,2,3,1,1,0,0
28,Hayır,Seyrek Seyahat,1144,Satış,10,1,Tıp,1,1056,4,Erkek,74,3,1,Satış Temsilcisi,2,Evli,1052,23384,1,Hayır,22,4,2,80,0,1,5,3,1,0,0,0
38,Hayır,Sık Seyahat,1186,Araştırma ve Geliştirme,3,4,Diğer,1,1060,3,Erkek,44,3,1,Araştırma Bilimcisi,3,Evli,2821,2997,3,Hayır,16,3,1,80,1,8,2,3,2,2,2,2
50,Hayır,Seyrek Seyahat,1464,Araştırma ve Geliştirme,2,4,Tıp,1,1061,2,Erkek,62,3,5,Araştırma Direktörü,3,Evli,19237,12853,2,Evet,11,3,4,80,1,29,2,2,8,1,7,7
37,Hayır,Seyrek Seyahat,124,Araştırma ve Geliştirme,3,3,Diğer,1,1062,4,Kadın,35,3,2,Sağlık Temsilcisi,2,Bekar,4107,13848,3,Hayır,15,3,1,80,0,8,3,2,4,3,0,1
40,Hayır,Seyrek Seyahat,300,Satış,26,3,Pazarlama,1,1066,3,Erkek,74,3,2,Satış Yöneticisi,1,Evli,8396,22217,1,Hayır,14,3,2,80,1,8,3,2,7,7,7,5
26,Hayır,Sık Seyahat,921,Araştırma ve Geliştirme,1,1,Tıp,1,1068,1,Kadın,66,2,1,Araştırma Bilimcisi,3,Boşanmış,2007,25265,1,Hayır,13,3,3,80,2,5,5,3,5,3,1,3
46,Hayır,Seyrek Seyahat,430,Araştırma ve Geliştirme,1,4,Tıp,1,1069,4,Erkek,40,3,5,Araştırma Direktörü,4,Boşanmış,19627,21445,9,Hayır,17,3,4,80,2,23,0,3,2,2,2,2
54,Hayır,Seyrek Seyahat,1082,Satış,2,4,Fen Bilimleri,1,1070,3,Kadın,41,2,3,Satış Yöneticisi,3,Evli,10686,8392,6,Hayır,11,3,2,80,1,13,4,3,9,4,7,0
56,Hayır,Sık Seyahat,1240,Araştırma ve Geliştirme,9,3,Tıp,1,1071,1,Kadın,63,3,1,Araştırma Bilimcisi,3,Evli,2942,12154,2,Hayır,19,3,2,80,1,18,4,3,5,4,0,3
36,Hayır,Seyrek Seyahat,796,Araştırma ve Geliştirme,12,5,Tıp,1,1073,4,Kadın,51,2,3,Üretim Direktörü,4,Bekar,8858,15669,0,Hayır,11,3,2,80,0,15,2,2,14,8,7,8
55,Hayır,Seyahat Etmez,444,Araştırma ve Geliştirme,2,1,Tıp,1,1074,3,Erkek,40,2,4,Yönetici,1,Bekar,16756,17323,7,Hayır,15,3,2,80,0,31,3,4,9,7,6,2
43,Hayır,Seyrek Seyahat,415,Satış,25,3,Tıp,1,1076,3,Erkek,79,2,3,Satış Yöneticisi,4,Boşanmış,10798,5268,5,Hayır,13,3,3,80,1,18,5,3,1,0,0,0
20,Evet,Sık Seyahat,769,Satış,9,3,Pazarlama,1,1077,4,Kadın,54,3,1,Satış Temsilcisi,4,Bekar,2323,17205,1,Evet,14,3,2,80,0,2,3,3,2,2,0,2
21,Evet,Seyrek Seyahat,1334,Araştırma ve Geliştirme,10,3,Fen Bilimleri,1,1079,3,Kadın,36,2,1,Laboratuvar Teknikeri,1,Bekar,1416,17258,1,Hayır,13,3,1,80,0,1,6,2,1,0,1,0
46,Hayır,Seyrek Seyahat,1003,Araştırma ve Geliştirme,8,4,Fen Bilimleri,1,1080,4,Kadın,74,2,2,Araştırma Bilimcisi,1,Boşanmış,4615,21029,8,Evet,23,4,1,80,3,19,2,3,16,13,1,7
51,Evet,Seyrek Seyahat,1323,Araştırma ve Geliştirme,4,4,Fen Bilimleri,1,1081,1,Erkek,34,3,1,Araştırma Bilimcisi,3,Evli,2461,10332,9,Evet,12,3,3,80,3,18,2,4,10,0,2,7
28,Evet,Seyahat Etmez,1366,Araştırma ve Geliştirme,24,2,Mühendislik,1,1082,2,Erkek,72,2,3,Sağlık Temsilcisi,1,Bekar,8722,12355,1,Hayır,12,3,1,80,0,10,2,2,10,7,1,9
26,Hayır,Seyrek Seyahat,192,Araştırma ve Geliştirme,1,2,Tıp,1,1083,1,Erkek,59,2,1,Laboratuvar Teknikeri,1,Evli,3955,11141,1,Hayır,16,3,1,80,2,6,2,3,5,3,1,3
30,Hayır,Seyrek Seyahat,1176,Araştırma ve Geliştirme,20,3,Diğer,1,1084,3,Erkek,85,3,2,Üretim Direktörü,1,Evli,9957,9096,0,Hayır,15,3,3,80,1,7,1,2,6,2,0,2
41,Hayır,Seyrek Seyahat,509,Araştırma ve Geliştirme,7,2,Mühendislik,1,1085,2,Kadın,43,4,1,Araştırma Bilimcisi,3,Evli,3376,18863,1,Hayır,13,3,3,80,0,10,3,3,10,6,0,8
38,Hayır,Seyrek Seyahat,330,Araştırma ve Geliştirme,17,1,Fen Bilimleri,1,1088,3,Kadın,65,2,3,Sağlık Temsilcisi,3,Evli,8823,24608,0,Hayır,18,3,1,80,1,20,4,2,19,9,1,9
40,Hayır,Seyrek Seyahat,1492,Araştırma ve Geliştirme,20,4,Mühendislik,1,1092,1,Erkek,61,3,3,Sağlık Temsilcisi,4,Evli,10322,26542,4,Hayır,20,4,4,80,1,14,6,3,11,10,11,1
27,Hayır,Seyahat Etmez,1277,Araştırma ve Geliştirme,8,5,Fen Bilimleri,1,1094,1,Erkek,87,1,1,Laboratuvar Teknikeri,3,Evli,4621,5869,1,Hayır,19,3,4,80,3,3,4,3,3,2,1,2
55,Hayır,Sık Seyahat,1091,Araştırma ve Geliştirme,2,1,Fen Bilimleri,1,1096,4,Erkek,65,3,3,Üretim Direktörü,2,Evli,10976,15813,3,Hayır,18,3,2,80,1,23,4,3,3,2,1,2
28,Hayır,Seyrek Seyahat,857,Araştırma ve Geliştirme,10,3,Diğer,1,1097,3,Kadın,59,3,2,Araştırma Bilimcisi,3,Bekar,3660,7909,3,Hayır,13,3,4,80,0,10,4,4,8,7,1,7
44,Evet,Seyrek Seyahat,1376,İnsan Kaynakları,1,2,Tıp,1,1098,2,Erkek,91,2,3,İnsan Kaynakları,1,Evli,10482,2326,9,Hayır,14,3,4,80,1,24,1,3,20,6,3,6
33,Hayır,Seyrek Seyahat,654,Araştırma ve Geliştirme,5,3,Fen Bilimleri,1,1099,4,Erkek,34,2,3,Sağlık Temsilcisi,4,Boşanmış,7119,21214,4,Hayır,15,3,3,80,1,9,2,3,3,2,1,2
35,Evet,Seyrek Seyahat,1204,Satış,4,3,Mühendislik,1,1100,4,Erkek,86,3,3,Satış Yöneticisi,1,Bekar,9582,10333,0,Evet,22,4,1,80,0,9,2,3,8,7,4,7
33,Evet,Sık Seyahat,827,Araştırma ve Geliştirme,29,4,Tıp,1,1101,1,Kadın,54,2,2,Araştırma Bilimcisi,3,Bekar,4508,3129,1,Hayır,22,4,2,80,0,14,4,3,13,7,3,8
28,Hayır,Seyrek Seyahat,895,Araştırma ve Geliştirme,15,2,Fen Bilimleri,1,1102,1,Erkek,50,3,1,Laboratuvar Teknikeri,3,Boşanmış,2207,22482,1,Hayır,16,3,4,80,1,4,5,2,4,2,2,2
34,Hayır,Sık Seyahat,618,Araştırma ve Geliştirme,3,1,Fen Bilimleri,1,1103,1,Erkek,45,3,2,Sağlık Temsilcisi,4,Bekar,7756,22266,0,Hayır,17,3,3,80,0,7,1,2,6,2,0,4
37,Hayır,Seyrek Seyahat,309,Satış,10,4,Fen Bilimleri,1,1105,4,Kadın,88,2,2,Satış Yöneticisi,4,Boşanmış,6694,24223,2,Evet,14,3,3,80,3,8,5,3,1,0,0,0
25,Evet,Seyrek Seyahat,1219,Araştırma ve Geliştirme,4,1,Mühendislik,1,1106,4,Erkek,32,3,1,Laboratuvar Teknikeri,4,Evli,3691,4605,1,Evet,15,3,2,80,1,7,3,4,7,7,5,6
26,Evet,Seyrek Seyahat,1330,Araştırma ve Geliştirme,21,3,Tıp,1,1107,1,Erkek,37,3,1,Laboratuvar Teknikeri,3,Boşanmış,2377,19373,1,Hayır,20,4,3,80,1,1,0,2,1,1,0,0
33,Evet,Seyrek Seyahat,1017,Araştırma ve Geliştirme,25,3,Tıp,1,1108,1,Erkek,55,2,1,Araştırma Bilimcisi,2,Bekar,2313,2993,4,Evet,20,4,2,80,0,5,0,3,2,2,2,2
42,Hayır,Seyrek Seyahat,469,Araştırma ve Geliştirme,2,2,Tıp,1,1109,4,Erkek,35,3,4,Yönetici,1,Evli,17665,14399,0,Hayır,17,3,4,80,1,23,3,3,22,6,13,7
28,Evet,Sık Seyahat,1009,Araştırma ve Geliştirme,1,3,Tıp,1,1111,1,Erkek,45,2,1,Laboratuvar Teknikeri,2,Boşanmış,2596,7160,1,Hayır,15,3,1,80,2,1,2,3,1,0,0,0
50,Evet,Sık Seyahat,959,Satış,1,4,Diğer,1,1113,4,Erkek,81,3,2,Satış Yöneticisi,3,Bekar,4728,17251,3,Evet,14,3,4,80,0,5,4,3,0,0,0,0
33,Hayır,Sık Seyahat,970,Satış,7,3,Fen Bilimleri,1,1114,4,Kadın,30,3,2,Satış Yöneticisi,2,Evli,4302,13401,0,Hayır,17,3,3,80,1,4,3,3,3,2,0,2
34,Hayır,Seyahat Etmez,697,Araştırma ve Geliştirme,3,4,Fen Bilimleri,1,1115,3,Erkek,40,2,1,Araştırma Bilimcisi,4,Evli,2979,22478,3,Hayır,17,3,4,80,3,6,2,3,0,0,0,0
48,Hayır,Seyahat Etmez,1262,Araştırma ve Geliştirme,1,4,Tıp,1,1116,1,Erkek,35,4,4,Yönetici,4,Bekar,16885,16154,2,Hayır,22,4,3,80,0,27,3,2,5,4,2,1
45,Hayır,Seyahat Etmez,1050,Satış,9,4,Fen Bilimleri,1,1117,2,Kadın,65,2,2,Satış Yöneticisi,3,Evli,5593,17970,1,Hayır,13,3,4,80,1,15,2,3,15,10,4,12
52,Hayır,Seyrek Seyahat,994,Araştırma ve Geliştirme,7,4,Fen Bilimleri,1,1118,2,Erkek,87,3,3,Sağlık Temsilcisi,2,Bekar,10445,15322,7,Hayır,19,3,4,80,0,18,4,3,8,6,4,0
38,Hayır,Seyrek Seyahat,770,Satış,10,4,Pazarlama,1,1119,3,Erkek,73,2,3,Satış Yöneticisi,3,Boşanmış,8740,5569,0,Evet,14,3,2,80,2,9,2,3,8,7,2,7
29,Hayır,Seyrek Seyahat,1107,Araştırma ve Geliştirme,28,4,Fen Bilimleri,1,1120,3,Kadın,93,3,1,Araştırma Bilimcisi,4,Boşanmış,2514,26968,4,Hayır,22,4,1,80,1,11,1,3,7,5,1,7
28,Hayır,Seyrek Seyahat,950,Araştırma ve Geliştirme,3,3,Tıp,1,1121,4,Kadın,93,3,3,Üretim Direktörü,2,Boşanmış,7655,8039,0,Hayır,17,3,2,80,3,10,3,2,9,7,1,7
46,Hayır,Seyrek Seyahat,406,Satış,3,1,Pazarlama,1,1124,1,Erkek,52,3,4,Yönetici,3,Evli,17465,15596,3,Hayır,12,3,4,80,1,23,3,3,12,9,4,9
38,Hayır,Seyrek Seyahat,130,Satış,2,2,Pazarlama,1,1125,4,Erkek,32,3,3,Satış Yöneticisi,2,Bekar,7351,20619,7,Hayır,16,3,3,80,0,10,2,3,1,0,0,0
43,Hayır,Sık Seyahat,1082,Araştırma ve Geliştirme,27,3,Fen Bilimleri,1,1126,3,Kadın,83,3,3,Üretim Direktörü,1,Evli,10820,11535,8,Hayır,11,3,3,80,1,18,1,3,8,7,0,1
39,Evet,Sık Seyahat,203,Araştırma ve Geliştirme,2,3,Fen Bilimleri,1,1127,1,Erkek,84,3,4,Sağlık Temsilcisi,4,Boşanmış,12169,13547,7,Hayır,11,3,4,80,3,21,4,3,18,7,11,5
40,Hayır,Seyrek Seyahat,1308,Araştırma ve Geliştirme,14,3,Tıp,1,1128,3,Erkek,44,2,5,Araştırma Direktörü,3,Bekar,19626,17544,1,Hayır,14,3,1,80,0,21,2,4,20,7,4,9
21,Hayır,Seyrek Seyahat,984,Araştırma ve Geliştirme,1,1,Mühendislik,1,1131,4,Kadın,70,2,1,Araştırma Bilimcisi,2,Bekar,2070,25326,1,Evet,11,3,3,80,0,2,6,4,2,2,2,2
39,Hayır,Seyahat Etmez,439,Araştırma ve Geliştirme,9,3,Fen Bilimleri,1,1132,3,Erkek,70,3,2,Laboratuvar Teknikeri,2,Bekar,6782,8770,9,Hayır,15,3,3,80,0,9,2,2,5,4,0,3
36,Hayır,Seyahat Etmez,217,Araştırma ve Geliştirme,18,4,Fen Bilimleri,1,1133,1,Erkek,78,3,2,Üretim Direktörü,4,Bekar,7779,23238,2,Hayır,20,4,1,80,0,18,0,3,11,9,0,9
31,Hayır,Sık Seyahat,793,Satış,20,3,Fen Bilimleri,1,1135,3,Erkek,67,4,1,Satış Temsilcisi,4,Evli,2791,21981,0,Hayır,12,3,1,80,1,3,4,3,2,2,2,2
28,Hayır,Seyrek Seyahat,1451,Araştırma ve Geliştirme,2,1,Fen Bilimleri,1,1136,1,Erkek,67,2,1,Araştırma Bilimcisi,2,Evli,3201,19911,0,Hayır,17,3,1,80,0,6,2,1,5,3,0,4
35,Hayır,Sık Seyahat,1182,Satış,11,2,Pazarlama,1,1137,4,Erkek,54,3,2,Satış Yöneticisi,4,Boşanmış,4968,18500,1,Hayır,11,3,4,80,1,5,3,3,5,2,0,2
49,Hayır,Seyrek Seyahat,174,Satış,8,4,Mühendislik,1,1138,4,Erkek,56,2,4,Satış Yöneticisi,2,Evli,13120,11879,6,Hayır,17,3,2,80,1,22,3,3,9,8,2,3
34,Hayır,Sık Seyahat,1003,Araştırma ve Geliştirme,2,2,Fen Bilimleri,1,1140,4,Erkek,95,3,2,Üretim Direktörü,3,Bekar,4033,15834,2,Hayır,11,3,4,80,0,5,3,2,3,2,0,2
29,Hayır,Sık Seyahat,490,Araştırma ve Geliştirme,10,3,Fen Bilimleri,1,1143,4,Kadın,61,3,1,Araştırma Bilimcisi,2,Boşanmış,3291,17940,0,Hayır,14,3,4,80,2,8,2,2,7,5,1,1
42,Hayır,Seyrek Seyahat,188,Araştırma ve Geliştirme,29,3,Tıp,1,1148,2,Erkek,56,1,2,Laboratuvar Teknikeri,4,Bekar,4272,9558,4,Hayır,19,3,1,80,0,16,3,3,1,0,0,0
29,Hayır,Seyrek Seyahat,718,Araştırma ve Geliştirme,8,1,Tıp,1,1150,2,Erkek,79,2,2,Üretim Direktörü,4,Evli,5056,17689,1,Evet,15,3,3,80,1,10,2,2,10,7,1,2
38,Hayır,Seyrek Seyahat,433,İnsan Kaynakları,1,3,İnsan Kaynakları,1,1152,3,Erkek,37,4,1,İnsan Kaynakları,3,Evli,2844,6004,1,Hayır,13,3,4,80,1,7,2,4,7,6,5,0
28,Hayır,Sık Seyahat,773,Araştırma ve Geliştirme,6,3,Fen Bilimleri,1,1154,3,Erkek,39,2,1,Araştırma Bilimcisi,3,Boşanmış,2703,22088,1,Evet,14,3,4,80,1,3,2,3,3,1,0,2
18,Evet,Seyahat Etmez,247,Araştırma ve Geliştirme,8,1,Tıp,1,1156,3,Erkek,80,3,1,Laboratuvar Teknikeri,3,Bekar,1904,13556,1,Hayır,12,3,4,80,0,0,0,3,0,0,0,0
33,Evet,Seyrek Seyahat,603,Satış,9,4,Pazarlama,1,1157,1,Kadın,77,3,2,Satış Yöneticisi,1,Bekar,8224,18385,0,Evet,17,3,1,80,0,6,3,3,5,2,0,3
41,Hayır,Seyrek Seyahat,167,Araştırma ve Geliştirme,12,4,Fen Bilimleri,1,1158,2,Erkek,46,3,1,Laboratuvar Teknikeri,4,Evli,4766,9051,3,Evet,11,3,1,80,1,6,4,3,1,0,0,0
31,Evet,Sık Seyahat,874,Araştırma ve Geliştirme,15,3,Tıp,1,1160,3,Erkek,72,3,1,Laboratuvar Teknikeri,3,Evli,2610,6233,1,Hayır,12,3,3,80,1,2,5,2,2,2,2,2
37,Hayır,Seyrek Seyahat,367,Araştırma ve Geliştirme,25,2,Tıp,1,1161,3,Kadın,52,2,2,Sağlık Temsilcisi,4,Boşanmış,5731,17171,7,Hayır,13,3,3,80,2,9,2,3,6,2,1,3
27,Hayır,Seyrek Seyahat,199,Araştırma ve Geliştirme,6,3,Fen Bilimleri,1,1162,4,Erkek,55,2,1,Araştırma Bilimcisi,3,Evli,2539,7950,1,Hayır,13,3,3,80,1,4,0,3,4,2,2,2
34,Hayır,Seyrek Seyahat,1400,Satış,9,1,Fen Bilimleri,1,1163,2,Kadın,70,3,2,Satış Yöneticisi,3,Evli,5714,5829,1,Hayır,20,4,1,80,0,6,3,2,6,5,1,3
35,Hayır,Seyrek Seyahat,528,İnsan Kaynakları,8,4,Mühendislik,1,1164,3,Erkek,100,3,1,İnsan Kaynakları,3,Bekar,4323,7108,1,Hayır,17,3,2,80,0,6,2,1,5,4,1,4
29,Evet,Seyrek Seyahat,408,Satış,23,1,Fen Bilimleri,1,1165,4,Kadın,45,2,3,Satış Yöneticisi,1,Evli,7336,11162,1,Hayır,13,3,1,80,1,11,3,1,11,8,3,10
40,Hayır,Sık Seyahat,593,Araştırma ve Geliştirme,9,4,Tıp,1,1166,2,Kadın,88,3,3,Araştırma Direktörü,3,Bekar,13499,13782,9,Hayır,17,3,3,80,0,20,3,2,18,7,2,13
42,Evet,Sık Seyahat,481,Satış,12,3,Fen Bilimleri,1,1167,3,Erkek,44,3,4,Satış Yöneticisi,1,Bekar,13758,2447,0,Evet,12,3,2,80,0,22,2,2,21,9,13,14
42,Hayır,Seyrek Seyahat,647,Satış,4,4,Pazarlama,1,1171,2,Erkek,45,3,2,Satış Yöneticisi,1,Bekar,5155,2253,7,Hayır,13,3,4,80,0,9,3,4,6,4,1,5
35,Hayır,Seyrek Seyahat,982,Araştırma ve Geliştirme,1,4,Tıp,1,1172,4,Erkek,58,2,1,Laboratuvar Teknikeri,3,Evli,2258,16340,6,Hayır,12,3,2,80,1,10,2,3,8,0,1,7
24,Hayır,Seyrek Seyahat,477,Araştırma ve Geliştirme,24,3,Tıp,1,1173,4,Erkek,49,3,1,Laboratuvar Teknikeri,2,Bekar,3597,6409,8,Hayır,22,4,4,80,0,6,2,3,4,3,1,2
28,Evet,Seyrek Seyahat,1485,Araştırma ve Geliştirme,12,1,Fen Bilimleri,1,1175,3,Kadın,79,3,1,Laboratuvar Teknikeri,4,Evli,2515,22955,1,Evet,11,3,4,80,0,1,4,2,1,1,0,0
26,Hayır,Seyrek Seyahat,1384,Araştırma ve Geliştirme,3,4,Tıp,1,1177,1,Erkek,82,4,1,Laboratuvar Teknikeri,4,Evli,4420,13421,1,Hayır,22,4,2,80,1,8,2,3,8,7,0,7
30,Hayır,Seyrek Seyahat,852,Satış,10,3,Pazarlama,1,1179,3,Erkek,72,2,2,Satış Yöneticisi,3,Evli,6578,2706,1,Hayır,18,3,1,80,1,10,3,3,10,3,1,4
40,Hayır,Sık Seyahat,902,Araştırma ve Geliştirme,26,2,Tıp,1,1180,3,Kadın,92,2,2,Araştırma Bilimcisi,4,Evli,4422,21203,3,Evet,13,3,4,80,1,16,3,1,1,1,0,0
35,Hayır,Seyrek Seyahat,819,Araştırma ve Geliştirme,2,3,Fen Bilimleri,1,1182,3,Erkek,44,2,3,Üretim Direktörü,2,Boşanmış,10274,19588,2,Hayır,18,3,2,80,1,15,2,4,7,7,6,4
34,Hayır,Sık Seyahat,669,Araştırma ve Geliştirme,1,3,Tıp,1,1184,4,Erkek,97,2,2,Sağlık Temsilcisi,1,Bekar,5343,25755,0,Hayır,20,4,3,80,0,14,3,3,13,9,4,9
35,Hayır,Sık Seyahat,636,Araştırma ve Geliştirme,4,4,Diğer,1,1185,4,Erkek,47,2,1,Laboratuvar Teknikeri,4,Evli,2376,26537,1,Hayır,13,3,2,80,1,2,2,4,2,2,2,2
43,Evet,Seyrek Seyahat,1372,Satış,9,3,Pazarlama,1,1188,1,Kadın,85,1,2,Satış Yöneticisi,3,Bekar,5346,9489,8,Hayır,13,3,2,80,0,7,2,2,4,3,1,3
32,Hayır,Seyahat Etmez,862,Satış,2,1,Fen Bilimleri,1,1190,3,Kadın,76,3,1,Satış Temsilcisi,1,Boşanmış,2827,14947,1,Hayır,12,3,3,80,3,1,3,3,1,0,0,0
56,Hayır,Seyrek Seyahat,718,Araştırma ve Geliştirme,4,4,Mühendislik,1,1191,4,Kadın,92,3,5,Yönetici,1,Boşanmış,19943,18575,4,Hayır,13,3,4,80,1,28,2,3,5,2,4,2
29,Hayır,Seyrek Seyahat,1401,Araştırma ve Geliştirme,6,1,Tıp,1,1192,2,Kadın,54,3,1,Laboratuvar Teknikeri,4,Evli,3131,26342,1,Hayır,13,3,1,80,1,10,5,3,10,8,0,8
19,Hayır,Seyrek Seyahat,645,Araştırma ve Geliştirme,9,2,Fen Bilimleri,1,1193,3,Erkek,54,3,1,Araştırma Bilimcisi,1,Bekar,2552,7172,1,Hayır,25,4,3,80,0,1,4,3,1,1,0,0
45,Hayır,Seyrek Seyahat,1457,Araştırma ve Geliştirme,7,3,Tıp,1,1195,1,Kadın,83,3,1,Araştırma Bilimcisi,3,Evli,4477,20100,4,Evet,19,3,3,80,1,7,2,2,3,2,0,2
37,Hayır,Seyrek Seyahat,977,Araştırma ve Geliştirme,1,3,Fen Bilimleri,1,1196,4,Kadın,56,2,2,Üretim Direktörü,4,Evli,6474,9961,1,Hayır,13,3,2,80,1,14,2,2,14,8,3,11
20,Hayır,Seyrek Seyahat,805,Araştırma ve Geliştirme,3,3,Fen Bilimleri,1,1198,1,Erkek,87,2,1,Laboratuvar Teknikeri,3,Bekar,3033,12828,1,Hayır,12,3,1,80,0,2,2,2,2,2,1,2
44,Evet,Seyrek Seyahat,1097,Araştırma ve Geliştirme,10,4,Fen Bilimleri,1,1200,3,Erkek,96,3,1,Araştırma Bilimcisi,3,Bekar,2936,10826,1,Evet,11,3,3,80,0,6,4,3,6,4,0,2
53,Hayır,Seyrek Seyahat,1223,Araştırma ve Geliştirme,7,2,Tıp,1,1201,4,Kadın,50,3,5,Yönetici,3,Boşanmış,18606,18640,3,Hayır,18,3,2,80,1,26,6,3,7,7,4,7
29,Hayır,Seyrek Seyahat,942,Araştırma ve Geliştirme,15,1,Fen Bilimleri,1,1202,2,Kadın,69,1,1,Araştırma Bilimcisi,4,Evli,2168,26933,0,Evet,18,3,1,80,1,6,2,2,5,4,1,3
22,Evet,Sık Seyahat,1256,Araştırma ve Geliştirme,3,4,Fen Bilimleri,1,1203,3,Erkek,48,2,1,Araştırma Bilimcisi,4,Evli,2853,4223,0,Evet,11,3,2,80,1,1,5,3,0,0,0,0
46,Hayır,Seyrek Seyahat,1402,Satış,2,3,Pazarlama,1,1204,3,Kadın,69,3,4,Yönetici,1,Evli,17048,24097,8,Hayır,23,4,1,80,0,28,2,3,26,15,15,9
44,Hayır,Seyahat Etmez,111,Araştırma ve Geliştirme,17,3,Fen Bilimleri,1,1206,4,Erkek,74,1,1,Araştırma Bilimcisi,3,Bekar,2290,4279,2,Hayır,13,3,4,80,0,6,3,3,0,0,0,0
33,Hayır,Seyrek Seyahat,147,İnsan Kaynakları,2,3,İnsan Kaynakları,1,1207,2,Erkek,99,3,1,İnsan Kaynakları,3,Evli,3600,8429,1,Hayır,13,3,4,80,1,5,2,3,5,4,1,4
41,Evet,Seyahat Etmez,906,Araştırma ve Geliştirme,5,2,Fen Bilimleri,1,1210,1,Erkek,95,2,1,Araştırma Bilimcisi,1,Boşanmış,2107,20293,6,Hayır,17,3,1,80,1,5,2,1,1,0,0,0
30,Hayır,Seyrek Seyahat,1329,Satış,29,4,Fen Bilimleri,1,1211,3,Erkek,61,3,2,Satış Yöneticisi,1,Boşanmış,4115,13192,8,Hayır,19,3,3,80,3,8,3,3,4,3,0,3
40,Hayır,Sık Seyahat,1184,Satış,2,4,Tıp,1,1212,2,Erkek,62,3,2,Satış Yöneticisi,2,Evli,4327,25440,5,Hayır,12,3,4,80,3,5,2,3,0,0,0,0
50,Hayır,Sık Seyahat,1421,Araştırma ve Geliştirme,2,3,Tıp,1,1215,4,Kadın,30,3,4,Yönetici,1,Evli,17856,9490,2,Hayır,22,4,3,80,1,32,3,3,2,2,2,2
28,Hayır,Seyrek Seyahat,1179,Araştırma ve Geliştirme,19,4,Tıp,1,1216,4,Erkek,78,2,1,Laboratuvar Teknikeri,1,Evli,3196,12449,1,Hayır,12,3,3,80,3,6,2,3,6,5,3,3
46,Hayır,Seyrek Seyahat,1450,Araştırma ve Geliştirme,15,2,Fen Bilimleri,1,1217,4,Erkek,52,3,5,Araştırma Direktörü,2,Evli,19081,10849,5,Hayır,11,3,1,80,1,25,2,3,4,2,0,3
35,Hayır,Seyrek Seyahat,1361,Satış,17,4,Fen Bilimleri,1,1218,3,Erkek,94,3,2,Satış Yöneticisi,1,Evli,8966,21026,3,Evet,15,3,4,80,3,15,2,3,7,7,1,7
24,Evet,Seyrek Seyahat,984,Araştırma ve Geliştirme,17,2,Fen Bilimleri,1,1219,4,Kadın,97,3,1,Laboratuvar Teknikeri,2,Evli,2210,3372,1,Hayır,13,3,1,80,1,1,3,1,1,0,0,0
33,Hayır,Sık Seyahat,1146,Satış,25,3,Tıp,1,1220,2,Kadın,82,3,2,Satış Yöneticisi,3,Evli,4539,4905,1,Hayır,12,3,1,80,1,10,3,2,10,7,0,1
36,Hayır,Seyrek Seyahat,917,Araştırma ve Geliştirme,6,4,Fen Bilimleri,1,1221,3,Erkek,60,1,1,Laboratuvar Teknikeri,3,Boşanmış,2741,6865,1,Hayır,14,3,3,80,1,7,4,3,7,7,1,7
30,Hayır,Seyrek Seyahat,853,Araştırma ve Geliştirme,7,4,Fen Bilimleri,1,1224,3,Erkek,49,3,2,Laboratuvar Teknikeri,3,Boşanmış,3491,11309,1,Hayır,13,3,1,80,3,10,4,2,10,7,8,9
44,Hayır,Seyrek Seyahat,200,Araştırma ve Geliştirme,29,4,Diğer,1,1225,4,Erkek,32,3,2,Araştırma Bilimcisi,4,Bekar,4541,7744,1,Hayır,25,4,2,80,0,20,3,3,20,11,13,17
20,Hayır,Seyrek Seyahat,654,Satış,21,3,Pazarlama,1,1226,3,Erkek,43,4,1,Satış Temsilcisi,4,Bekar,2678,5050,1,Hayır,17,3,4,80,0,2,2,3,2,1,2,2
46,Hayır,Seyrek Seyahat,150,Araştırma ve Geliştirme,2,4,Mühendislik,1,1228,4,Erkek,60,3,2,Üretim Direktörü,4,Boşanmış,7379,17433,2,Hayır,11,3,3,80,1,12,3,2,6,3,1,4
42,Hayır,Seyahat Etmez,179,İnsan Kaynakları,2,5,Tıp,1,1231,4,Erkek,79,4,2,İnsan Kaynakları,1,Evli,6272,12858,7,Hayır,16,3,1,80,1,10,3,4,4,3,0,3
60,Hayır,Seyrek Seyahat,696,Satış,7,4,Pazarlama,1,1233,2,Erkek,52,4,2,Satış Yöneticisi,4,Boşanmış,5220,10893,0,Evet,18,3,2,80,1,12,3,3,11,7,1,9
32,Hayır,Sık Seyahat,116,Araştırma ve Geliştirme,13,3,Diğer,1,1234,3,Kadın,77,2,1,Laboratuvar Teknikeri,2,Evli,2743,7331,1,Hayır,20,4,3,80,1,2,2,3,2,2,2,2
32,Hayır,Sık Seyahat,1316,Araştırma ve Geliştirme,2,2,Fen Bilimleri,1,1235,4,Kadın,38,3,2,Araştırma Bilimcisi,3,Bekar,4998,2338,4,Evet,14,3,4,80,0,10,2,3,8,7,0,7
36,Hayır,Seyrek Seyahat,363,Araştırma ve Geliştirme,1,3,Mühendislik,1,1237,3,Kadın,77,1,3,Üretim Direktörü,1,Boşanmış,10252,4235,2,Evet,21,4,3,80,1,17,2,3,7,7,7,7
33,Hayır,Seyrek Seyahat,117,Araştırma ve Geliştirme,9,3,Tıp,1,1238,1,Erkek,60,3,1,Araştırma Bilimcisi,4,Evli,2781,6311,0,Hayır,13,3,2,80,1,15,5,3,14,10,4,10
40,Hayır,Seyrek Seyahat,107,Satış,10,3,Mühendislik,1,1239,2,Kadın,84,2,2,Satış Yöneticisi,2,Boşanmış,6852,11591,7,Hayır,12,3,2,80,1,7,2,4,5,1,1,3
25,Hayır,Seyrek Seyahat,1356,Satış,10,4,Fen Bilimleri,1,1240,3,Erkek,57,3,2,Satış Yöneticisi,4,Bekar,4950,20623,0,Hayır,14,3,2,80,0,5,4,3,4,3,1,1
30,Hayır,Seyrek Seyahat,1465,Araştırma ve Geliştirme,1,3,Tıp,1,1241,4,Erkek,63,3,1,Araştırma Bilimcisi,2,Evli,3579,9369,0,Evet,21,4,1,80,1,12,2,3,11,9,5,7
42,Hayır,Sık Seyahat,458,Araştırma ve Geliştirme,26,5,Tıp,1,1242,1,Kadın,60,3,3,Araştırma Direktörü,1,Evli,13191,23281,3,Evet,17,3,3,80,0,20,6,3,1,0,0,0
35,Hayır,Seyahat Etmez,1212,Satış,8,2,Pazarlama,1,1243,3,Kadın,78,2,3,Satış Yöneticisi,4,Evli,10377,13755,4,Evet,11,3,2,80,1,16,6,2,13,2,4,12
27,Hayır,Seyrek Seyahat,1103,Araştırma ve Geliştirme,14,3,Fen Bilimleri,1,1244,1,Erkek,42,3,1,Araştırma Bilimcisi,1,Evli,2235,14377,1,Evet,14,3,4,80,2,9,3,2,9,7,6,8
54,Hayır,Sık Seyahat,966,Araştırma ve Geliştirme,1,4,Fen Bilimleri,1,1245,4,Kadın,53,3,3,Üretim Direktörü,3,Boşanmış,10502,9659,7,Hayır,17,3,1,80,1,33,2,1,5,4,1,4
44,Hayır,Seyrek Seyahat,1117,Araştırma ve Geliştirme,2,1,Fen Bilimleri,1,1246,1,Kadın,72,4,1,Araştırma Bilimcisi,4,Evli,2011,19982,1,Hayır,13,3,4,80,1,10,5,3,10,5,7,7
19,Evet,Seyahat Etmez,504,Araştırma ve Geliştirme,10,3,Tıp,1,1248,1,Kadın,96,2,1,Araştırma Bilimcisi,2,Bekar,1859,6148,1,Evet,25,4,2,80,0,1,2,4,1,1,0,0
29,Hayır,Seyrek Seyahat,1010,Araştırma ve Geliştirme,1,3,Fen Bilimleri,1,1249,1,Kadın,97,3,1,Araştırma Bilimcisi,4,Boşanmış,3760,5598,1,Hayır,15,3,1,80,3,3,5,3,3,2,1,2
54,Hayır,Seyrek Seyahat,685,Araştırma ve Geliştirme,3,3,Fen Bilimleri,1,1250,4,Erkek,85,3,4,Araştırma Direktörü,4,Evli,17779,23474,3,Hayır,14,3,1,80,0,36,2,3,10,9,0,9
31,Hayır,Seyrek Seyahat,1332,Araştırma ve Geliştirme,11,2,Tıp,1,1251,3,Erkek,80,3,2,Sağlık Temsilcisi,1,Evli,6833,17089,1,Evet,12,3,4,80,0,6,2,2,6,5,0,1
31,Hayır,Seyrek Seyahat,1062,Araştırma ve Geliştirme,24,3,Tıp,1,1252,3,Kadın,96,2,2,Sağlık Temsilcisi,1,Bekar,6812,17198,1,Hayır,19,3,2,80,0,10,2,3,10,9,1,8
59,Hayır,Seyrek Seyahat,326,Satış,3,3,Fen Bilimleri,1,1254,3,Kadın,48,2,2,Satış Yöneticisi,4,Bekar,5171,16490,5,Hayır,17,3,4,80,0,13,2,3,6,1,0,5
43,Hayır,Seyrek Seyahat,920,Araştırma ve Geliştirme,3,3,Fen Bilimleri,1,1255,3,Erkek,96,1,5,Araştırma Direktörü,4,Evli,19740,18625,3,Hayır,14,3,2,80,1,25,2,3,8,7,0,7
49,Hayır,Seyrek Seyahat,1098,Araştırma ve Geliştirme,4,2,Tıp,1,1256,1,Erkek,85,2,5,Yönetici,3,Evli,18711,12124,2,Hayır,13,3,3,80,1,23,2,4,1,0,0,0
36,Hayır,Sık Seyahat,469,Araştırma ve Geliştirme,3,3,Mühendislik,1,1257,3,Erkek,46,3,1,Araştırma Bilimcisi,2,Evli,3692,9256,1,Hayır,12,3,3,80,0,12,2,2,11,10,0,7
48,Hayır,Seyrek Seyahat,969,Araştırma ve Geliştirme,2,2,Mühendislik,1,1258,4,Erkek,76,4,1,Laboratuvar Teknikeri,2,Bekar,2559,16620,5,Hayır,11,3,3,80,0,7,4,2,1,0,0,0
27,Hayır,Seyrek Seyahat,1167,Araştırma ve Geliştirme,4,2,Fen Bilimleri,1,1259,1,Erkek,76,3,1,Araştırma Bilimcisi,3,Boşanmış,2517,3208,1,Hayır,11,3,2,80,3,5,2,3,5,3,0,3
29,Hayır,Seyrek Seyahat,1329,Araştırma ve Geliştirme,7,3,Fen Bilimleri,1,1260,3,Erkek,82,3,2,Sağlık Temsilcisi,4,Boşanmış,6623,4204,1,Evet,11,3,2,80,2,6,2,3,6,0,1,0
48,Hayır,Seyrek Seyahat,715,Araştırma ve Geliştirme,1,3,Fen Bilimleri,1,1263,4,Erkek,76,2,5,Araştırma Direktörü,4,Bekar,18265,8733,6,Hayır,12,3,3,80,0,25,3,4,1,0,0,0
29,Hayır,Seyrek Seyahat,694,Araştırma ve Geliştirme,1,3,Fen Bilimleri,1,1264,4,Kadın,87,2,4,Araştırma Direktörü,4,Boşanmış,16124,3423,3,Hayır,14,3,2,80,2,9,2,2,7,7,1,7
34,Hayır,Seyrek Seyahat,1320,Araştırma ve Geliştirme,20,3,Mühendislik,1,1265,3,Kadın,89,4,1,Araştırma Bilimcisi,3,Evli,2585,21643,0,Hayır,17,3,4,80,0,2,5,2,1,0,0,0
44,Hayır,Seyrek Seyahat,1099,Satış,5,3,Pazarlama,1,1267,2,Erkek,88,3,5,Yönetici,2,Evli,18213,8751,7,Hayır,11,3,3,80,1,26,5,3,22,9,3,10
33,Hayır,Seyrek Seyahat,536,Satış,10,5,Pazarlama,1,1268,4,Erkek,82,4,3,Satış Yöneticisi,3,Boşanmış,8380,21708,0,Evet,14,3,4,80,2,10,3,3,9,8,0,8
19,Hayır,Seyrek Seyahat,265,Araştırma ve Geliştirme,25,3,Fen Bilimleri,1,1269,2,Kadın,57,4,1,Araştırma Bilimcisi,4,Bekar,2994,21221,1,Evet,12,3,4,80,0,1,2,3,1,0,0,1
23,Hayır,Seyrek Seyahat,373,Araştırma ve Geliştirme,1,2,Fen Bilimleri,1,1270,4,Erkek,47,3,1,Araştırma Bilimcisi,3,Evli,1223,16901,1,Hayır,22,4,4,80,1,1,2,3,1,0,0,1
25,Evet,Sık Seyahat,599,Satış,24,1,Fen Bilimleri,1,1273,3,Erkek,73,1,1,Satış Temsilcisi,4,Bekar,1118,8040,1,Evet,14,3,4,80,0,1,4,3,1,0,1,0
26,Hayır,Seyrek Seyahat,583,Araştırma ve Geliştirme,4,2,Fen Bilimleri,1,1275,3,Erkek,53,3,1,Araştırma Bilimcisi,4,Bekar,2875,9973,1,Evet,20,4,2,80,0,8,2,2,8,5,2,2
45,Evet,Seyrek Seyahat,1449,Satış,2,3,Pazarlama,1,1277,1,Kadın,94,1,5,Yönetici,2,Bekar,18824,2493,2,Evet,16,3,1,80,0,26,2,3,24,10,1,11
55,Hayır,Seyahat Etmez,177,Araştırma ve Geliştirme,8,1,Tıp,1,1278,4,Erkek,37,2,4,Sağlık Temsilcisi,2,Boşanmış,13577,25592,1,Evet,15,3,4,80,1,34,3,3,33,9,15,0
21,Evet,Sık Seyahat,251,Araştırma ve Geliştirme,10,2,Fen Bilimleri,1,1279,1,Kadın,45,2,1,Laboratuvar Teknikeri,3,Bekar,2625,25308,1,Hayır,20,4,3,80,0,2,2,1,2,2,2,2
46,Hayır,Seyrek Seyahat,168,Satış,4,2,Pazarlama,1,1280,4,Kadın,33,2,5,Yönetici,2,Evli,18789,9946,2,Hayır,14,3,3,80,1,26,2,3,11,4,0,8
34,Hayır,Seyrek Seyahat,131,Satış,2,3,Pazarlama,1,1281,3,Kadın,86,3,2,Satış Yöneticisi,1,Bekar,4538,6039,0,Evet,12,3,4,80,0,4,3,3,3,2,0,2
51,Hayır,Sık Seyahat,237,Satış,9,3,Fen Bilimleri,1,1282,4,Erkek,83,3,5,Yönetici,2,Boşanmış,19847,19196,4,Evet,24,4,1,80,1,31,5,2,29,10,11,10
59,Hayır,Seyrek Seyahat,1429,Araştırma ve Geliştirme,18,4,Tıp,1,1283,4,Erkek,67,3,3,Üretim Direktörü,4,Bekar,10512,20002,6,Hayır,12,3,4,80,0,25,6,2,9,7,5,4
34,Hayır,Sık Seyahat,135,Araştırma ve Geliştirme,19,3,Tıp,1,1285,3,Kadın,46,3,2,Laboratuvar Teknikeri,2,Boşanmış,4444,22534,4,Hayır,13,3,3,80,2,15,2,4,11,8,5,10
28,Hayır,Sık Seyahat,791,Araştırma ve Geliştirme,1,4,Tıp,1,1286,4,Erkek,44,3,1,Laboratuvar Teknikeri,3,Bekar,2154,6842,0,Evet,11,3,3,80,0,5,2,2,4,2,0,2
44,Hayır,Seyrek Seyahat,1199,Araştırma ve Geliştirme,4,2,Fen Bilimleri,1,1288,3,Erkek,92,4,5,Yönetici,1,Boşanmış,19190,17477,1,Hayır,14,3,4,80,2,26,4,2,25,9,14,13
34,Hayır,Sık Seyahat,648,İnsan Kaynakları,11,3,Fen Bilimleri,1,1289,3,Erkek,56,2,2,İnsan Kaynakları,2,Evli,4490,21833,4,Hayır,11,3,4,80,2,14,5,4,10,9,1,8
35,Hayır,Seyrek Seyahat,735,Araştırma ve Geliştirme,6,1,Fen Bilimleri,1,1291,3,Erkek,66,3,1,Araştırma Bilimcisi,3,Evli,3506,6020,0,Evet,14,3,4,80,0,4,3,3,3,2,2,2
42,Hayır,Seyrek Seyahat,603,Araştırma ve Geliştirme,7,4,Tıp,1,1292,2,Kadın,78,4,2,Araştırma Bilimcisi,2,Evli,2372,5628,6,Evet,16,3,4,80,0,18,2,3,1,0,0,0
43,Hayır,Seyrek Seyahat,531,Satış,4,4,Pazarlama,1,1293,4,Kadın,56,2,3,Satış Yöneticisi,4,Bekar,10231,20364,3,Hayır,14,3,4,80,0,23,3,4,21,7,15,17
36,Hayır,Seyrek Seyahat,429,Araştırma ve Geliştirme,2,4,Fen Bilimleri,1,1294,3,Kadın,53,3,2,Üretim Direktörü,2,Bekar,5410,2323,9,Evet,11,3,4,80,0,18,2,3,16,14,5,12
44,Evet,Seyrek Seyahat,621,Araştırma ve Geliştirme,15,3,Tıp,1,1295,1,Kadın,73,3,3,Sağlık Temsilcisi,4,Evli,7978,14075,1,Hayır,11,3,4,80,1,10,2,3,10,7,0,5
28,Hayır,Sık Seyahat,193,Araştırma ve Geliştirme,2,3,Fen Bilimleri,1,1296,4,Erkek,52,2,1,Laboratuvar Teknikeri,4,Evli,3867,14222,1,Evet,12,3,2,80,1,2,2,3,2,2,2,2
51,Hayır,Sık Seyahat,968,Araştırma ve Geliştirme,6,2,Tıp,1,1297,2,Kadın,40,2,1,Laboratuvar Teknikeri,3,Bekar,2838,4257,0,Hayır,14,3,2,80,0,8,6,2,7,0,7,7
30,Hayır,Seyahat Etmez,879,Araştırma ve Geliştirme,9,2,Tıp,1,1298,3,Kadın,72,3,2,Üretim Direktörü,3,Bekar,4695,12858,7,Evet,18,3,3,80,0,10,3,3,8,4,1,7
29,Evet,Seyrek Seyahat,806,Araştırma ve Geliştirme,7,3,Mühendislik,1,1299,2,Kadın,39,3,1,Laboratuvar Teknikeri,3,Boşanmış,3339,17285,3,Evet,13,3,1,80,2,10,2,3,7,7,7,7
28,Hayır,Seyrek Seyahat,640,Araştırma ve Geliştirme,1,3,Mühendislik,1,1301,4,Erkek,84,3,1,Araştırma Bilimcisi,1,Bekar,2080,4732,2,Hayır,11,3,2,80,0,5,2,2,3,2,1,2
25,Hayır,Seyrek Seyahat,266,Araştırma ve Geliştirme,1,3,Tıp,1,1303,4,Kadın,40,3,1,Araştırma Bilimcisi,2,Bekar,2096,18830,1,Hayır,18,3,4,80,0,2,3,2,2,2,2,1
32,Hayır,Seyrek Seyahat,604,Satış,8,3,Tıp,1,1304,3,Erkek,56,4,2,Satış Yöneticisi,4,Evli,6209,11693,1,Hayır,15,3,3,80,2,10,4,4,10,7,0,8
45,Hayır,Sık Seyahat,364,Araştırma ve Geliştirme,25,3,Tıp,1,1306,2,Kadın,83,3,5,Yönetici,2,Bekar,18061,13035,3,Hayır,22,4,3,80,0,22,4,3,0,0,0,0
39,Hayır,Seyrek Seyahat,412,Araştırma ve Geliştirme,13,4,Tıp,1,1307,3,Kadın,94,2,4,Yönetici,2,Boşanmış,17123,17334,6,Evet,13,3,4,80,2,21,4,3,19,9,15,2
58,Hayır,Seyrek Seyahat,848,Araştırma ve Geliştirme,23,4,Fen Bilimleri,1,1308,1,Erkek,88,3,1,Araştırma Bilimcisi,3,Boşanmış,2372,26076,1,Hayır,12,3,4,80,2,2,3,3,2,2,2,2
32,Evet,Seyrek Seyahat,1089,Araştırma ve Geliştirme,7,2,Fen Bilimleri,1,1309,4,Erkek,79,3,2,Laboratuvar Teknikeri,3,Evli,4883,22845,1,Hayır,18,3,1,80,1,10,3,3,10,4,1,1
39,Evet,Seyrek Seyahat,360,Araştırma ve Geliştirme,23,3,Tıp,1,1310,3,Erkek,93,3,1,Araştırma Bilimcisi,1,Bekar,3904,22154,0,Hayır,13,3,1,80,0,6,2,3,5,2,0,3
30,Hayır,Seyrek Seyahat,1138,Araştırma ve Geliştirme,6,3,Mühendislik,1,1311,1,Kadın,48,2,2,Laboratuvar Teknikeri,4,Evli,4627,23631,0,Hayır,12,3,1,80,1,10,6,3,9,2,6,7
36,Hayır,Seyrek Seyahat,325,Araştırma ve Geliştirme,10,4,Mühendislik,1,1312,4,Kadın,63,3,3,Sağlık Temsilcisi,3,Evli,7094,5747,3,Hayır,12,3,1,80,0,10,0,3,7,7,1,7
46,Hayır,Seyrek Seyahat,991,İnsan Kaynakları,1,2,Fen Bilimleri,1,1314,4,Kadın,44,3,1,İnsan Kaynakları,1,Bekar,3423,22957,6,Hayır,12,3,3,80,0,10,3,4,7,6,5,7
28,Hayır,Seyahat Etmez,1476,Araştırma ve Geliştirme,1,3,Fen Bilimleri,1,1315,3,Kadın,55,1,2,Laboratuvar Teknikeri,4,Evli,6674,16392,0,Hayır,11,3,1,80,3,10,6,3,9,8,7,5
50,Hayır,Seyrek Seyahat,1322,Araştırma ve Geliştirme,28,3,Fen Bilimleri,1,1317,4,Kadın,43,3,4,Araştırma Direktörü,1,Evli,16880,22422,4,Evet,11,3,2,80,0,25,2,3,3,2,1,2
40,Evet,Seyrek Seyahat,299,Satış,25,4,Pazarlama,1,1318,4,Erkek,57,2,3,Satış Yöneticisi,2,Bekar,9094,17235,2,Evet,12,3,3,80,0,9,2,3,5,4,1,0
52,Evet,Seyrek Seyahat,1030,Satış,5,3,Fen Bilimleri,1,1319,2,Erkek,64,3,3,Satış Yöneticisi,2,Bekar,8446,21534,9,Evet,19,3,3,80,0,10,2,2,8,7,7,7
30,Hayır,Seyrek Seyahat,634,Araştırma ve Geliştirme,17,4,Tıp,1,1321,2,Kadın,95,3,3,Yönetici,1,Evli,11916,25927,1,Evet,23,4,4,80,2,9,2,3,9,1,0,8
39,Hayır,Seyrek Seyahat,524,Araştırma ve Geliştirme,18,2,Fen Bilimleri,1,1322,1,Erkek,32,3,2,Üretim Direktörü,3,Bekar,4534,13352,0,Hayır,11,3,1,80,0,9,6,3,8,7,1,7
31,Hayır,Seyahat Etmez,587,Satış,2,4,Fen Bilimleri,1,1324,4,Kadın,57,3,3,Satış Yöneticisi,3,Boşanmış,9852,8935,1,Evet,19,3,1,80,1,10,5,2,10,8,9,6
41,Hayır,Seyahat Etmez,256,Satış,10,2,Tıp,1,1329,3,Erkek,40,1,2,Satış Yöneticisi,2,Bekar,6151,22074,1,Hayır,13,3,1,80,0,19,4,3,19,2,11,9
31,Evet,Sık Seyahat,1060,Satış,1,3,Fen Bilimleri,1,1331,4,Kadın,54,3,1,Satış Temsilcisi,2,Bekar,2302,8319,1,Evet,11,3,1,80,0,3,2,4,3,2,2,2
44,Evet,Seyrek Seyahat,935,Araştırma ve Geliştirme,3,3,Fen Bilimleri,1,1333,1,Erkek,89,3,1,Laboratuvar Teknikeri,1,Evli,2362,14669,4,Hayır,12,3,3,80,0,10,4,4,3,2,1,2
42,Hayır,Seyahat Etmez,495,Araştırma ve Geliştirme,2,1,Fen Bilimleri,1,1334,3,Erkek,37,3,4,Yönetici,3,Evli,17861,26582,0,Evet,13,3,4,80,0,21,3,2,20,8,2,10
55,Hayır,Seyrek Seyahat,282,Araştırma ve Geliştirme,2,2,Tıp,1,1336,4,Kadın,58,1,5,Yönetici,3,Evli,19187,6992,4,Hayır,14,3,4,80,1,23,5,3,19,9,9,11
56,Hayır,Seyrek Seyahat,206,İnsan Kaynakları,8,4,Fen Bilimleri,1,1338,4,Erkek,99,3,5,Yönetici,2,Bekar,19717,4022,6,Hayır,14,3,1,80,0,36,4,3,7,3,7,7
40,Hayır,Seyahat Etmez,458,Araştırma ve Geliştirme,16,2,Fen Bilimleri,1,1340,3,Erkek,74,3,1,Araştırma Bilimcisi,3,Boşanmış,3544,8532,9,Hayır,16,3,2,80,1,6,0,3,4,2,0,0
34,Hayır,Seyrek Seyahat,943,Araştırma ve Geliştirme,9,3,Fen Bilimleri,1,1344,4,Erkek,86,3,3,Sağlık Temsilcisi,4,Boşanmış,8500,5494,0,Hayır,11,3,4,80,1,10,0,2,9,7,1,6
40,Hayır,Seyrek Seyahat,523,Araştırma ve Geliştirme,2,3,Fen Bilimleri,1,1346,3,Erkek,98,3,2,Araştırma Bilimcisi,4,Bekar,4661,22455,1,Hayır,13,3,3,80,0,9,4,3,9,8,8,8
41,Hayır,Sık Seyahat,1018,Satış,1,3,Pazarlama,1,1349,3,Kadın,66,3,2,Satış Yöneticisi,1,Boşanmış,4103,4297,0,Hayır,17,3,4,80,1,10,2,3,9,3,1,7
35,Hayır,Sık Seyahat,482,Araştırma ve Geliştirme,4,4,Fen Bilimleri,1,1350,3,Erkek,87,3,2,Araştırma Bilimcisi,3,Bekar,4249,2690,1,Evet,11,3,2,80,0,9,3,3,9,6,1,1
51,Hayır,Seyrek Seyahat,770,İnsan Kaynakları,5,3,Fen Bilimleri,1,1352,3,Erkek,84,3,4,Yönetici,2,Boşanmış,14026,17588,1,Evet,11,3,2,80,1,33,2,3,33,9,0,10
38,Hayır,Seyrek Seyahat,1009,Satış,2,2,Fen Bilimleri,1,1355,2,Kadın,31,3,2,Satış Yöneticisi,1,Boşanmış,6893,19461,3,Hayır,15,3,4,80,1,11,3,3,7,7,1,7
34,Hayır,Seyrek Seyahat,507,Satış,15,2,Tıp,1,1356,3,Kadın,66,3,2,Satış Yöneticisi,1,Bekar,6125,23553,1,Hayır,12,3,4,80,0,10,6,4,10,8,9,6
25,Hayır,Seyrek Seyahat,882,Araştırma ve Geliştirme,19,1,Tıp,1,1358,4,Erkek,67,3,1,Laboratuvar Teknikeri,4,Evli,3669,9075,3,Hayır,11,3,3,80,3,7,6,2,3,2,1,2
58,Evet,Seyrek Seyahat,601,Araştırma ve Geliştirme,7,4,Tıp,1,1360,3,Kadın,53,2,3,Üretim Direktörü,1,Evli,10008,12023,7,Evet,14,3,4,80,0,31,0,2,10,9,5,9
40,Hayır,Seyrek Seyahat,329,Araştırma ve Geliştirme,1,4,Fen Bilimleri,1,1361,2,Erkek,88,3,1,Laboratuvar Teknikeri,2,Evli,2387,6762,3,Hayır,22,4,3,80,1,7,3,3,4,2,0,3
36,Hayır,Sık Seyahat,607,Satış,7,3,Pazarlama,1,1362,1,Kadın,83,4,2,Satış Yöneticisi,1,Evli,4639,2261,2,Hayır,16,3,4,80,1,17,2,2,15,7,6,13
48,Hayır,Seyrek Seyahat,855,Araştırma ve Geliştirme,4,3,Fen Bilimleri,1,1363,4,Erkek,54,3,3,Üretim Direktörü,4,Bekar,7898,18706,1,Hayır,11,3,3,80,0,11,2,3,10,9,0,8
27,Hayır,Seyrek Seyahat,1291,Satış,11,3,Tıp,1,1364,3,Kadın,98,4,1,Satış Temsilcisi,4,Evli,2534,6527,8,Hayır,14,3,2,80,1,5,4,3,1,0,0,0
51,Hayır,Seyrek Seyahat,1405,Araştırma ve Geliştirme,11,2,Mühendislik,1,1367,4,Kadın,82,2,4,Üretim Direktörü,2,Bekar,13142,24439,3,Hayır,16,3,2,80,0,29,1,2,5,2,0,3
18,Hayır,Seyahat Etmez,1124,Araştırma ve Geliştirme,1,3,Fen Bilimleri,1,1368,4,Kadın,97,3,1,Laboratuvar Teknikeri,4,Bekar,1611,19305,1,Hayır,15,3,3,80,0,0,5,4,0,0,0,0
35,Hayır,Seyrek Seyahat,817,Araştırma ve Geliştirme,1,3,Tıp,1,1369,4,Kadın,60,2,2,Laboratuvar Teknikeri,4,Evli,5363,10846,0,Hayır,12,3,2,80,1,10,0,3,9,7,0,0
27,Hayır,Sık Seyahat,793,Satış,2,1,Fen Bilimleri,1,1371,4,Erkek,43,1,2,Satış Yöneticisi,4,Bekar,5071,20392,3,Hayır,20,4,2,80,0,8,3,3,6,2,0,0
55,Evet,Seyrek Seyahat,267,Satış,13,4,Pazarlama,1,1372,1,Erkek,85,4,4,Satış Yöneticisi,3,Bekar,13695,9277,6,Evet,17,3,3,80,0,24,2,2,19,7,3,8
56,Hayır,Seyrek Seyahat,1369,Araştırma ve Geliştirme,23,3,Fen Bilimleri,1,1373,4,Erkek,68,3,4,Üretim Direktörü,2,Evli,13402,18235,4,Evet,12,3,1,80,1,33,0,3,19,16,15,9
34,Hayır,Seyahat Etmez,999,Araştırma ve Geliştirme,26,1,Mühendislik,1,1374,1,Kadın,92,2,1,Araştırma Bilimcisi,3,Boşanmış,2029,15891,1,Hayır,20,4,3,80,3,5,2,3,5,4,0,0
40,Hayır,Seyrek Seyahat,1202,Araştırma ve Geliştirme,2,1,Tıp,1,1375,2,Kadın,89,4,2,Sağlık Temsilcisi,3,Boşanmış,6377,13888,5,Hayır,20,4,2,80,3,15,0,3,12,11,11,8
34,Hayır,Seyrek Seyahat,285,Araştırma ve Geliştirme,29,3,Tıp,1,1377,2,Erkek,86,3,2,Laboratuvar Teknikeri,3,Evli,5429,17491,4,Hayır,13,3,1,80,2,10,1,3,8,7,7,7
31,Evet,Sık Seyahat,703,Satış,2,3,Fen Bilimleri,1,1379,3,Kadın,90,2,1,Satış Temsilcisi,4,Bekar,2785,11882,7,Hayır,14,3,3,80,0,3,3,4,1,0,0,0
35,Evet,Sık Seyahat,662,Satış,18,4,Pazarlama,1,1380,4,Kadın,67,3,2,Satış Yöneticisi,3,Evli,4614,23288,0,Evet,18,3,3,80,1,5,0,2,4,2,3,2
38,Hayır,Sık Seyahat,693,Araştırma ve Geliştirme,7,3,Fen Bilimleri,1,1382,4,Erkek,57,4,1,Araştırma Bilimcisi,3,Boşanmış,2610,15748,1,Hayır,11,3,4,80,3,4,2,3,4,2,0,3
34,Hayır,Seyrek Seyahat,404,Araştırma ve Geliştirme,2,4,Mühendislik,1,1383,3,Kadın,98,3,2,Sağlık Temsilcisi,4,Bekar,6687,6163,1,Hayır,11,3,4,80,0,14,2,4,14,11,4,11
28,Hayır,Seyrek Seyahat,736,Satış,26,3,Fen Bilimleri,1,1387,3,Erkek,48,2,2,Satış Yöneticisi,1,Evli,4724,24232,1,Hayır,11,3,3,80,1,5,0,3,5,3,0,4
31,Evet,Seyrek Seyahat,330,Araştırma ve Geliştirme,22,4,Tıp,1,1389,4,Erkek,98,3,2,Üretim Direktörü,3,Evli,6179,21057,1,Evet,15,3,4,80,2,10,3,2,10,2,6,7
39,Hayır,Seyrek Seyahat,1498,Satış,21,4,Fen Bilimleri,1,1390,1,Erkek,44,2,2,Satış Yöneticisi,4,Evli,6120,3567,3,Evet,12,3,4,80,2,8,2,4,5,4,1,4
51,Hayır,Sık Seyahat,541,Satış,2,3,Pazarlama,1,1391,2,Erkek,52,3,3,Satış Yöneticisi,2,Evli,10596,15395,2,Hayır,11,3,2,80,0,14,5,3,4,2,3,2
41,Hayır,Sık Seyahat,1200,Araştırma ve Geliştirme,22,3,Fen Bilimleri,1,1392,4,Kadın,75,3,2,Araştırma Bilimcisi,4,Boşanmış,5467,13953,3,Evet,14,3,1,80,2,12,4,2,6,2,3,3
37,Hayır,Seyrek Seyahat,1439,Araştırma ve Geliştirme,4,1,Fen Bilimleri,1,1394,3,Erkek,54,3,1,Araştırma Bilimcisi,3,Evli,2996,5182,7,Evet,15,3,4,80,0,8,2,3,6,4,1,3
33,Hayır,Sık Seyahat,1111,Satış,5,1,Fen Bilimleri,1,1395,2,Erkek,61,3,2,Satış Yöneticisi,4,Evli,9998,19293,6,Hayır,13,3,1,80,0,8,2,4,5,4,1,2
32,Hayır,Seyrek Seyahat,499,Satış,2,1,Pazarlama,1,1396,3,Erkek,36,3,2,Satış Yöneticisi,2,Evli,4078,20497,0,Evet,13,3,1,80,3,4,3,2,3,2,1,2
39,Hayır,Seyahat Etmez,1485,Araştırma ve Geliştirme,25,2,Fen Bilimleri,1,1397,3,Erkek,71,3,3,Sağlık Temsilcisi,3,Evli,10920,3449,3,Hayır,21,4,2,80,1,13,2,3,6,4,0,5
25,Hayır,Seyrek Seyahat,1372,Satış,18,1,Fen Bilimleri,1,1399,1,Erkek,93,4,2,Satış Yöneticisi,3,Evli,6232,12477,2,Hayır,11,3,2,80,0,6,3,2,3,2,1,2
52,Hayır,Sık Seyahat,322,Araştırma ve Geliştirme,28,2,Tıp,1,1401,4,Kadın,59,4,4,Üretim Direktörü,3,Evli,13247,9731,2,Evet,11,3,2,80,1,24,3,2,5,3,0,2
43,Hayır,Seyrek Seyahat,930,Araştırma ve Geliştirme,6,3,Tıp,1,1402,1,Kadın,73,2,2,Araştırma Bilimcisi,3,Bekar,4081,20003,1,Evet,14,3,1,80,0,20,3,1,20,7,1,8
27,Hayır,Seyrek Seyahat,205,Satış,10,3,Pazarlama,1,1403,4,Kadın,98,2,2,Satış Yöneticisi,4,Evli,5769,7100,1,Evet,11,3,4,80,0,6,3,3,6,2,4,4
27,Evet,Seyrek Seyahat,135,Araştırma ve Geliştirme,17,4,Fen Bilimleri,1,1405,4,Kadın,51,3,1,Araştırma Bilimcisi,3,Bekar,2394,25681,1,Evet,13,3,4,80,0,8,2,3,8,2,7,7
26,Hayır,Seyrek Seyahat,683,Araştırma ve Geliştirme,2,1,Tıp,1,1407,1,Erkek,36,2,1,Araştırma Bilimcisi,4,Bekar,3904,4050,0,Hayır,12,3,4,80,0,5,2,3,4,3,1,1
42,Hayır,Seyrek Seyahat,1147,İnsan Kaynakları,10,3,İnsan Kaynakları,1,1408,3,Kadın,31,3,4,Yönetici,1,Evli,16799,16616,0,Hayır,14,3,3,80,1,21,5,3,20,7,0,9
52,Hayır,Seyrek Seyahat,258,Araştırma ve Geliştirme,8,4,Diğer,1,1409,3,Kadın,54,3,1,Laboratuvar Teknikeri,1,Evli,2950,17363,9,Hayır,13,3,3,80,0,12,2,1,5,4,0,4
37,Hayır,Seyrek Seyahat,1462,Araştırma ve Geliştirme,11,3,Tıp,1,1411,1,Kadın,94,3,1,Laboratuvar Teknikeri,3,Bekar,3629,19106,4,Hayır,18,3,1,80,0,8,6,3,3,2,0,2
35,Hayır,Sık Seyahat,200,Araştırma ve Geliştirme,18,2,Fen Bilimleri,1,1412,3,Erkek,60,3,3,Üretim Direktörü,4,Bekar,9362,19944,2,Hayır,11,3,3,80,0,10,2,3,2,2,2,2
25,Hayır,Seyrek Seyahat,949,Araştırma ve Geliştirme,1,3,Mühendislik,1,1415,1,Erkek,81,3,1,Laboratuvar Teknikeri,4,Evli,3229,4910,4,Hayır,11,3,2,80,1,7,2,2,3,2,0,2
26,Hayır,Seyrek Seyahat,652,Araştırma ve Geliştirme,7,3,Diğer,1,1417,3,Erkek,100,4,1,Laboratuvar Teknikeri,1,Bekar,3578,23577,0,Hayır,12,3,4,80,0,8,2,3,7,7,0,7
29,Hayır,Seyrek Seyahat,332,İnsan Kaynakları,17,3,Diğer,1,1419,2,Erkek,51,2,3,İnsan Kaynakları,1,Bekar,7988,9769,1,Hayır,13,3,1,80,0,10,3,2,10,9,0,9
49,Evet,Sık Seyahat,1475,Araştırma ve Geliştirme,28,2,Fen Bilimleri,1,1420,1,Erkek,97,2,2,Laboratuvar Teknikeri,1,Bekar,4284,22710,3,Hayır,20,4,1,80,0,20,2,3,4,3,1,3
29,Evet,Sık Seyahat,337,Araştırma ve Geliştirme,14,1,Diğer,1,1421,3,Kadın,84,3,3,Sağlık Temsilcisi,4,Bekar,7553,22930,0,Evet,12,3,1,80,0,9,1,3,8,7,7,7
54,Hayır,Seyrek Seyahat,971,Araştırma ve Geliştirme,1,3,Tıp,1,1422,4,Kadın,54,3,4,Araştırma Direktörü,4,Bekar,17328,5652,6,Hayır,19,3,4,80,0,29,3,2,20,7,12,7
58,Hayır,Seyrek Seyahat,1055,Araştırma ve Geliştirme,1,3,Tıp,1,1423,4,Kadın,76,3,5,Araştırma Direktörü,1,Evli,19701,22456,3,Evet,21,4,3,80,1,32,3,3,9,8,1,5
55,Hayır,Seyrek Seyahat,1136,Araştırma ve Geliştirme,1,4,Tıp,1,1424,2,Erkek,81,4,4,Araştırma Direktörü,4,Boşanmış,14732,12414,2,Hayır,13,3,4,80,2,31,4,4,7,7,0,0
36,Hayır,Seyrek Seyahat,1174,Satış,3,4,Pazarlama,1,1425,1,Kadın,99,3,2,Satış Yöneticisi,2,Bekar,9278,20763,3,Evet,16,3,4,80,0,15,3,3,5,4,0,1
31,Evet,Sık Seyahat,667,Satış,1,4,Fen Bilimleri,1,1427,2,Kadın,50,1,1,Satış Temsilcisi,3,Bekar,1359,16154,1,Hayır,12,3,2,80,0,1,3,3,1,0,0,0
30,Hayır,Seyrek Seyahat,855,Satış,7,4,Pazarlama,1,1428,4,Kadın,73,3,2,Satış Yöneticisi,1,Boşanmış,4779,12761,7,Hayır,14,3,2,80,2,8,3,3,3,2,0,2
31,Hayır,Seyrek Seyahat,182,Araştırma ve Geliştirme,8,5,Fen Bilimleri,1,1430,1,Kadın,93,3,4,Araştırma Direktörü,2,Bekar,16422,8847,3,Hayır,11,3,3,80,0,9,3,4,3,2,1,0
34,Hayır,Sık Seyahat,560,Araştırma ve Geliştirme,1,4,Diğer,1,1431,4,Erkek,91,3,1,Araştırma Bilimcisi,1,Boşanmış,2996,20284,5,Hayır,14,3,3,80,2,10,2,3,4,3,1,3
31,Evet,Seyrek Seyahat,202,Araştırma ve Geliştirme,8,3,Fen Bilimleri,1,1433,1,Kadın,34,2,1,Araştırma Bilimcisi,2,Bekar,1261,22262,1,Hayır,12,3,3,80,0,1,3,4,1,0,0,0
27,Hayır,Seyrek Seyahat,1377,Araştırma ve Geliştirme,11,1,Fen Bilimleri,1,1434,2,Erkek,91,3,1,Laboratuvar Teknikeri,1,Evli,2099,7679,0,Hayır,14,3,2,80,0,6,3,4,5,0,1,4
36,Hayır,Seyrek Seyahat,172,Araştırma ve Geliştirme,4,4,Fen Bilimleri,1,1435,1,Erkek,37,2,2,Laboratuvar Teknikeri,4,Bekar,5810,22604,1,Hayır,16,3,3,80,0,10,2,2,10,4,1,8
36,Hayır,Seyrek Seyahat,329,Satış,16,4,Pazarlama,1,1436,3,Kadın,98,2,2,Satış Yöneticisi,1,Evli,5647,13494,4,Hayır,13,3,1,80,2,11,3,2,3,2,0,2
47,Hayır,Seyrek Seyahat,465,Araştırma ve Geliştirme,1,3,Mühendislik,1,1438,1,Erkek,74,3,1,Araştırma Bilimcisi,4,Evli,3420,10205,7,Hayır,12,3,3,80,1,17,2,2,6,5,1,2
25,Evet,Seyrek Seyahat,383,Satış,9,2,Fen Bilimleri,1,1439,1,Erkek,68,2,1,Satış Temsilcisi,1,Evli,4400,15182,3,Hayır,12,3,1,80,0,6,2,3,3,2,2,2
37,Hayır,Seyahat Etmez,1413,Araştırma ve Geliştirme,5,2,Mühendislik,1,1440,3,Erkek,84,4,1,Laboratuvar Teknikeri,3,Bekar,3500,25470,0,Hayır,14,3,1,80,0,7,2,1,6,5,1,3
56,Hayır,Seyrek Seyahat,1255,Araştırma ve Geliştirme,1,2,Fen Bilimleri,1,1441,1,Kadın,90,3,1,Araştırma Bilimcisi,1,Evli,2066,10494,2,Hayır,22,4,4,80,1,5,3,4,3,2,1,0
47,Hayır,Seyrek Seyahat,359,Araştırma ve Geliştirme,2,4,Tıp,1,1443,1,Kadın,82,3,4,Araştırma Direktörü,3,Evli,17169,26703,3,Hayır,19,3,2,80,2,26,2,4,20,17,5,6
24,Hayır,Seyrek Seyahat,1476,Satış,4,1,Tıp,1,1445,4,Kadın,42,3,2,Satış Yöneticisi,3,Evli,4162,15211,1,Evet,12,3,3,80,2,5,3,3,5,4,0,3
32,Hayır,Seyrek Seyahat,601,Satış,7,5,Pazarlama,1,1446,4,Erkek,97,3,2,Satış Yöneticisi,4,Evli,9204,23343,4,Hayır,12,3,3,80,1,7,3,2,4,3,0,3
34,Hayır,Seyrek Seyahat,401,Araştırma ve Geliştirme,1,3,Fen Bilimleri,1,1447,4,Kadın,86,2,1,Laboratuvar Teknikeri,2,Evli,3294,3708,5,Hayır,17,3,1,80,1,7,2,2,5,4,0,2
41,Hayır,Seyrek Seyahat,1283,Araştırma ve Geliştirme,5,5,Tıp,1,1448,2,Erkek,90,4,1,Araştırma Bilimcisi,3,Evli,2127,5561,2,Evet,12,3,1,80,0,7,5,2,4,2,0,3
40,Hayır,Seyahat Etmez,663,Araştırma ve Geliştirme,9,4,Diğer,1,1449,3,Erkek,81,3,2,Laboratuvar Teknikeri,3,Boşanmış,3975,23099,3,Hayır,11,3,3,80,2,11,2,4,8,7,0,7
31,Hayır,Seyrek Seyahat,326,Satış,8,2,Fen Bilimleri,1,1453,1,Erkek,31,3,3,Satış Yöneticisi,4,Boşanmış,10793,8386,1,Hayır,18,3,1,80,1,13,5,3,13,7,9,9
46,Evet,Seyrek Seyahat,377,Satış,9,3,Pazarlama,1,1457,1,Erkek,52,3,3,Satış Yöneticisi,4,Boşanmış,10096,15986,4,Hayır,11,3,1,80,1,28,1,4,7,7,4,3
39,Evet,Seyahat Etmez,592,Araştırma ve Geliştirme,2,3,Fen Bilimleri,1,1458,1,Kadın,54,2,1,Laboratuvar Teknikeri,1,Bekar,3646,17181,2,Evet,23,4,2,80,0,11,2,4,1,0,0,0
31,Evet,Sık Seyahat,1445,Araştırma ve Geliştirme,1,5,Fen Bilimleri,1,1459,3,Kadın,100,4,3,Üretim Direktörü,2,Bekar,7446,8931,1,Hayır,11,3,1,80,0,10,2,3,10,8,4,7
45,Hayır,Seyrek Seyahat,1038,Araştırma ve Geliştirme,20,3,Tıp,1,1460,2,Erkek,95,1,3,Sağlık Temsilcisi,1,Boşanmış,10851,19863,2,Evet,18,3,2,80,1,24,2,3,7,7,0,7
31,Hayır,Seyrek Seyahat,1398,İnsan Kaynakları,8,2,Tıp,1,1461,4,Kadın,96,4,1,İnsan Kaynakları,2,Bekar,2109,24609,9,Hayır,18,3,4,80,0,8,3,3,3,2,0,2
31,Evet,Sık Seyahat,523,Araştırma ve Geliştirme,2,3,Fen Bilimleri,1,1464,2,Erkek,94,3,1,Laboratuvar Teknikeri,4,Evli,3722,21081,6,Evet,13,3,3,80,1,7,2,1,2,2,2,2
45,Hayır,Seyrek Seyahat,1448,Araştırma ve Geliştirme,29,3,Mühendislik,1,1465,2,Erkek,55,3,3,Üretim Direktörü,4,Evli,9380,14720,4,Evet,18,3,4,80,2,10,4,4,3,1,1,2
48,Hayır,Seyrek Seyahat,1221,Satış,7,3,Pazarlama,1,1466,3,Erkek,96,3,2,Satış Yöneticisi,1,Boşanmış,5486,24795,4,Hayır,11,3,1,80,3,15,3,3,2,2,2,2
34,Evet,Seyrek Seyahat,1107,İnsan Kaynakları,9,4,Mühendislik,1,1467,1,Kadın,52,3,1,İnsan Kaynakları,3,Evli,2742,3072,1,Hayır,15,3,4,80,0,2,0,3,2,2,2,2
40,Hayır,Seyahat Etmez,218,Araştırma ve Geliştirme,8,1,Tıp,1,1468,4,Erkek,55,2,3,Araştırma Direktörü,2,Boşanmış,13757,25178,2,Hayır,11,3,3,80,1,16,5,3,9,8,4,8
28,Hayır,Seyrek Seyahat,866,Satış,5,3,Tıp,1,1469,4,Erkek,84,3,2,Satış Yöneticisi,1,Bekar,8463,23490,0,Hayır,18,3,4,80,0,6,4,3,5,4,1,3
44,Hayır,Seyahat Etmez,981,Araştırma ve Geliştirme,5,3,Fen Bilimleri,1,1471,3,Erkek,90,2,1,Laboratuvar Teknikeri,3,Bekar,3162,7973,3,Hayır,14,3,4,80,0,7,5,3,5,2,0,3
53,Hayır,Seyrek Seyahat,447,Araştırma ve Geliştirme,2,3,Tıp,1,1472,4,Erkek,39,4,4,Araştırma Direktörü,2,Bekar,16598,19764,4,Hayır,12,3,2,80,0,35,2,2,9,8,8,8
49,Hayır,Seyrek Seyahat,1495,Araştırma ve Geliştirme,5,4,Mühendislik,1,1473,1,Erkek,96,3,2,Sağlık Temsilcisi,3,Evli,6651,21534,2,Hayır,14,3,2,80,1,20,0,2,3,2,1,2
40,Hayır,Seyrek Seyahat,896,Araştırma ve Geliştirme,2,3,Tıp,1,1474,3,Erkek,68,3,1,Araştırma Bilimcisi,3,Boşanmış,2345,8045,2,Hayır,14,3,3,80,1,8,3,4,3,1,1,2
44,Hayır,Seyrek Seyahat,1467,Araştırma ve Geliştirme,20,3,Fen Bilimleri,1,1475,4,Erkek,49,3,1,Araştırma Bilimcisi,2,Bekar,3420,21158,1,Hayır,13,3,3,80,0,6,3,2,5,2,1,3
33,Hayır,Sık Seyahat,430,Satış,7,3,Tıp,1,1477,4,Erkek,54,3,2,Satış Yöneticisi,1,Evli,4373,17456,0,Hayır,14,3,1,80,2,5,2,3,4,3,0,3
34,Hayır,Seyrek Seyahat,1326,Satış,3,3,Diğer,1,1478,4,Erkek,81,1,2,Satış Yöneticisi,1,Bekar,4759,15891,3,Hayır,18,3,4,80,0,15,2,3,13,9,3,12
30,Hayır,Seyrek Seyahat,1358,Satış,16,1,Fen Bilimleri,1,1479,4,Erkek,96,3,2,Satış Yöneticisi,3,Evli,5301,2939,8,Hayır,15,3,3,80,2,4,2,2,2,1,2,2
42,Hayır,Sık Seyahat,748,Araştırma ve Geliştirme,9,2,Tıp,1,1480,1,Kadın,74,3,1,Laboratuvar Teknikeri,4,Bekar,3673,16458,1,Hayır,13,3,3,80,0,12,3,3,12,9,5,8
44,Hayır,Sık Seyahat,383,Satış,1,5,Pazarlama,1,1481,1,Kadın,79,3,2,Satış Yöneticisi,3,Evli,4768,9282,7,Hayır,12,3,3,80,1,11,4,2,1,0,0,0
30,Hayır,Seyahat Etmez,990,Araştırma ve Geliştirme,7,3,Mühendislik,1,1482,3,Erkek,64,3,1,Araştırma Bilimcisi,3,Boşanmış,1274,7152,1,Hayır,13,3,2,80,2,1,2,2,1,0,0,0
57,Hayır,Seyrek Seyahat,405,Araştırma ve Geliştirme,1,2,Fen Bilimleri,1,1483,2,Erkek,93,4,2,Araştırma Bilimcisi,3,Evli,4900,2721,0,Hayır,24,4,1,80,1,13,2,2,12,9,2,8
49,Hayır,Seyrek Seyahat,1490,Araştırma ve Geliştirme,7,4,Fen Bilimleri,1,1484,3,Erkek,35,3,3,Sağlık Temsilcisi,2,Boşanmış,10466,20948,3,Hayır,14,3,2,80,2,29,3,3,8,7,0,7
34,Hayır,Sık Seyahat,829,Araştırma ve Geliştirme,15,3,Tıp,1,1485,2,Erkek,71,3,4,Araştırma Direktörü,1,Boşanmış,17007,11929,7,Hayır,14,3,4,80,2,16,3,2,14,8,6,9
28,Evet,Sık Seyahat,1496,Satış,1,3,Mühendislik,1,1486,1,Erkek,92,3,1,Satış Temsilcisi,3,Evli,2909,15747,3,Hayır,15,3,4,80,1,5,3,4,3,2,1,2
29,Evet,Sık Seyahat,115,Satış,13,3,Mühendislik,1,1487,1,Kadın,51,3,2,Satış Yöneticisi,2,Bekar,5765,17485,5,Hayır,11,3,1,80,0,7,4,1,5,3,0,0
34,Evet,Seyrek Seyahat,790,Satış,24,4,Tıp,1,1489,1,Kadın,40,2,2,Satış Yöneticisi,2,Bekar,4599,7815,0,Evet,23,4,3,80,0,16,2,4,15,9,10,10
35,Hayır,Seyrek Seyahat,660,Satış,7,1,Fen Bilimleri,1,1492,4,Erkek,76,3,1,Satış Temsilcisi,3,Evli,2404,16192,1,Hayır,13,3,1,80,1,1,3,3,1,0,0,0
24,Evet,Sık Seyahat,381,Araştırma ve Geliştirme,9,3,Tıp,1,1494,2,Erkek,89,3,1,Laboratuvar Teknikeri,1,Bekar,3172,16998,2,Evet,11,3,3,80,0,4,2,2,0,0,0,0
24,Hayır,Seyahat Etmez,830,Satış,13,2,Fen Bilimleri,1,1495,4,Kadın,78,3,1,Satış Temsilcisi,2,Evli,2033,7103,1,Hayır,13,3,3,80,1,1,2,3,1,0,0,0
44,Hayır,Sık Seyahat,1193,Araştırma ve Geliştirme,2,1,Tıp,1,1496,2,Erkek,86,3,3,Üretim Direktörü,3,Bekar,10209,19719,5,Evet,18,3,2,80,0,16,2,2,2,2,2,2
29,Hayır,Seyrek Seyahat,1246,Satış,19,3,Fen Bilimleri,1,1497,3,Erkek,77,2,2,Satış Yöneticisi,3,Boşanmış,8620,23757,1,Hayır,14,3,3,80,2,10,3,3,10,7,0,4
30,Hayır,Seyrek Seyahat,330,İnsan Kaynakları,1,3,Fen Bilimleri,1,1499,3,Erkek,46,3,1,İnsan Kaynakları,3,Boşanmış,2064,15428,0,Hayır,21,4,1,80,1,6,3,4,5,3,1,3
55,Hayır,Seyrek Seyahat,1229,Araştırma ve Geliştirme,4,4,Fen Bilimleri,1,1501,4,Erkek,30,3,2,Sağlık Temsilcisi,3,Evli,4035,16143,0,Evet,16,3,2,80,0,4,2,3,3,2,1,2
33,Hayır,Seyrek Seyahat,1099,Araştırma ve Geliştirme,4,4,Tıp,1,1502,1,Kadın,82,2,1,Laboratuvar Teknikeri,2,Evli,3838,8192,8,Hayır,11,3,4,80,0,8,5,3,5,4,0,2
47,Hayır,Seyrek Seyahat,571,Satış,14,3,Tıp,1,1503,3,Kadın,78,3,2,Satış Yöneticisi,3,Evli,4591,24200,3,Evet,17,3,3,80,1,11,4,2,5,4,1,2
28,Evet,Sık Seyahat,289,Araştırma ve Geliştirme,2,2,Tıp,1,1504,3,Erkek,38,2,1,Laboratuvar Teknikeri,1,Bekar,2561,5355,7,Hayır,11,3,3,80,0,8,2,2,0,0,0,0
28,Hayır,Seyrek Seyahat,1423,Araştırma ve Geliştirme,1,3,Fen Bilimleri,1,1506,1,Erkek,72,2,1,Araştırma Bilimcisi,3,Boşanmış,1563,12530,1,Hayır,14,3,4,80,1,1,2,1,1,0,0,0
28,Hayır,Sık Seyahat,467,Satış,7,3,Fen Bilimleri,1,1507,3,Erkek,55,3,2,Satış Yöneticisi,1,Bekar,4898,11827,0,Hayır,14,3,4,80,0,5,5,3,4,2,1,3
49,Hayır,Seyrek Seyahat,271,Araştırma ve Geliştirme,3,2,Tıp,1,1509,3,Kadın,43,2,2,Laboratuvar Teknikeri,1,Evli,4789,23070,4,Hayır,25,4,1,80,1,10,3,3,3,2,1,2
29,Hayır,Sık Seyahat,410,Araştırma ve Geliştirme,2,1,Fen Bilimleri,1,1513,4,Kadın,97,3,1,Laboratuvar Teknikeri,2,Evli,3180,4668,0,Hayır,13,3,3,80,3,4,3,3,3,2,0,2
28,Hayır,Seyrek Seyahat,1083,Araştırma ve Geliştirme,29,1,Fen Bilimleri,1,1514,3,Erkek,96,1,2,Üretim Direktörü,2,Evli,6549,3173,1,Hayır,14,3,2,80,2,8,2,2,8,6,1,7
33,Hayır,Seyrek Seyahat,516,Araştırma ve Geliştirme,8,5,Fen Bilimleri,1,1515,4,Erkek,69,3,2,Sağlık Temsilcisi,3,Bekar,6388,22049,2,Evet,17,3,1,80,0,14,6,3,0,0,0,0
32,Hayır,Seyrek Seyahat,495,Araştırma ve Geliştirme,10,3,Tıp,1,1516,3,Erkek,64,3,3,Yönetici,4,Bekar,11244,21072,2,Hayır,25,4,2,80,0,10,5,4,5,2,0,0
54,Hayır,Sık Seyahat,1050,Araştırma ve Geliştirme,11,4,Tıp,1,1520,2,Kadın,87,3,4,Yönetici,4,Boşanmış,16032,24456,3,Hayır,20,4,1,80,1,26,2,3,14,9,1,12
29,Evet,Seyrek Seyahat,224,Araştırma ve Geliştirme,1,4,Mühendislik,1,1522,1,Erkek,100,2,1,Araştırma Bilimcisi,1,Bekar,2362,7568,6,Hayır,13,3,3,80,0,11,2,1,9,7,0,7
44,Hayır,Seyrek Seyahat,136,Araştırma ve Geliştirme,28,3,Fen Bilimleri,1,1523,4,Erkek,32,3,4,Araştırma Direktörü,1,Evli,16328,22074,3,Hayır,13,3,3,80,1,24,1,4,20,6,14,17
39,Hayır,Seyrek Seyahat,1089,Araştırma ve Geliştirme,6,3,Fen Bilimleri,1,1525,2,Kadın,32,3,3,Üretim Direktörü,2,Bekar,8376,9150,4,Hayır,18,3,4,80,0,9,3,3,2,0,2,2
46,Hayır,Seyrek Seyahat,228,Satış,3,3,Fen Bilimleri,1,1527,3,Kadın,51,3,4,Yönetici,2,Evli,16606,11380,8,Hayır,12,3,4,80,1,23,2,4,13,12,5,1
35,Hayır,Seyrek Seyahat,1029,Araştırma ve Geliştirme,16,3,Fen Bilimleri,1,1529,4,Kadın,91,2,3,Sağlık Temsilcisi,2,Bekar,8606,21195,1,Hayır,19,3,4,80,0,11,3,1,11,8,3,3
23,Hayır,Seyrek Seyahat,507,Araştırma ve Geliştirme,20,1,Fen Bilimleri,1,1533,1,Erkek,97,3,2,Laboratuvar Teknikeri,3,Bekar,2272,24812,0,Hayır,14,3,2,80,0,5,2,3,4,3,1,2
40,Evet,Seyrek Seyahat,676,Araştırma ve Geliştirme,9,4,Fen Bilimleri,1,1534,4,Erkek,86,3,1,Laboratuvar Teknikeri,1,Bekar,2018,21831,3,Hayır,14,3,2,80,0,15,3,1,5,4,1,0
34,Hayır,Seyrek Seyahat,971,Satış,1,3,Mühendislik,1,1535,4,Erkek,64,2,3,Satış Yöneticisi,3,Evli,7083,12288,1,Evet,14,3,4,80,0,10,3,3,10,9,8,6
31,Evet,Sık Seyahat,561,Araştırma ve Geliştirme,3,3,Fen Bilimleri,1,1537,4,Kadın,33,3,1,Araştırma Bilimcisi,3,Bekar,4084,4156,1,Hayır,12,3,1,80,0,7,2,1,7,2,7,7
50,Hayır,Sık Seyahat,333,Araştırma ve Geliştirme,22,5,Tıp,1,1539,3,Erkek,88,1,4,Araştırma Direktörü,4,Bekar,14411,24450,1,Evet,13,3,4,80,0,32,2,3,32,6,13,9
34,Hayır,Seyrek Seyahat,1440,Satış,7,2,Mühendislik,1,1541,2,Erkek,55,3,1,Satış Temsilcisi,3,Evli,2308,4944,0,Evet,25,4,2,80,1,12,4,3,11,10,5,7
42,Hayır,Seyrek Seyahat,1210,Araştırma ve Geliştirme,2,3,Tıp,1,1542,3,Erkek,68,2,1,Laboratuvar Teknikeri,2,Evli,4841,24052,4,Hayır,14,3,2,80,1,4,3,3,1,0,0,0
37,Hayır,Seyrek Seyahat,674,Araştırma ve Geliştirme,13,3,Tıp,1,1543,1,Erkek,47,3,2,Araştırma Bilimcisi,4,Evli,4285,3031,1,Hayır,17,3,1,80,0,10,2,3,10,8,3,7
29,Hayır,Seyrek Seyahat,441,Araştırma ve Geliştirme,8,1,Diğer,1,1544,3,Kadın,39,1,2,Sağlık Temsilcisi,1,Evli,9715,7288,3,Hayır,13,3,3,80,1,9,3,3,7,7,0,7
33,Hayır,Seyrek Seyahat,575,Araştırma ve Geliştirme,25,3,Fen Bilimleri,1,1545,4,Erkek,44,2,2,Üretim Direktörü,2,Bekar,4320,24152,1,Hayır,13,3,4,80,0,5,2,3,5,3,0,2
45,Hayır,Seyrek Seyahat,950,Araştırma ve Geliştirme,28,3,Mühendislik,1,1546,4,Erkek,97,3,1,Araştırma Bilimcisi,4,Evli,2132,4585,4,Hayır,20,4,4,80,1,8,3,3,5,4,0,3
42,Hayır,Sık Seyahat,288,Araştırma ve Geliştirme,2,3,Fen Bilimleri,1,1547,4,Erkek,40,3,3,Sağlık Temsilcisi,4,Evli,10124,18611,2,Evet,14,3,3,80,1,24,3,1,20,8,13,9
40,Hayır,Seyrek Seyahat,1342,Satış,9,2,Tıp,1,1548,1,Erkek,47,3,2,Satış Yöneticisi,1,Evli,5473,19345,0,Hayır,12,3,4,80,0,9,5,4,8,4,7,1
33,Hayır,Seyrek Seyahat,589,Araştırma ve Geliştirme,28,4,Fen Bilimleri,1,1549,2,Erkek,79,3,2,Laboratuvar Teknikeri,3,Evli,5207,22949,1,Evet,12,3,2,80,1,15,3,3,15,14,5,7
40,Hayır,Seyrek Seyahat,898,İnsan Kaynakları,6,2,Tıp,1,1550,3,Erkek,38,3,4,Yönetici,4,Bekar,16437,17381,1,Evet,21,4,4,80,0,21,2,3,21,7,7,7
24,Hayır,Seyrek Seyahat,350,Araştırma ve Geliştirme,21,2,Mühendislik,1,1551,3,Erkek,57,2,1,Laboratuvar Teknikeri,1,Boşanmış,2296,10036,0,Hayır,14,3,2,80,3,2,3,3,1,1,0,0
40,Hayır,Seyahat Etmez,1142,Araştırma ve Geliştirme,8,2,Fen Bilimleri,1,1552,4,Erkek,72,3,2,Sağlık Temsilcisi,4,Boşanmış,4069,8841,3,Evet,18,3,3,80,0,8,2,3,2,2,2,2
45,Hayır,Seyrek Seyahat,538,Araştırma ve Geliştirme,1,4,Mühendislik,1,1553,1,Erkek,66,3,3,Sağlık Temsilcisi,2,Boşanmış,7441,20933,1,Hayır,12,3,1,80,3,10,4,3,10,8,7,7
35,Hayır,Seyrek Seyahat,1402,Satış,28,4,Fen Bilimleri,1,1554,2,Kadın,98,2,1,Satış Temsilcisi,3,Evli,2430,26204,0,Hayır,23,4,1,80,2,6,5,3,5,3,4,2
32,Hayır,Seyrek Seyahat,824,Araştırma ve Geliştirme,5,2,Fen Bilimleri,1,1555,4,Kadın,67,2,2,Araştırma Bilimcisi,2,Evli,5878,15624,3,Hayır,12,3,1,80,1,12,2,3,7,1,2,5
36,Hayır,Seyrek Seyahat,1157,Satış,2,4,Fen Bilimleri,1,1556,3,Erkek,70,3,1,Satış Temsilcisi,4,Bekar,2644,17001,3,Evet,21,4,4,80,0,7,3,2,3,2,1,2
48,Hayır,Seyrek Seyahat,492,Satış,16,4,Fen Bilimleri,1,1557,3,Kadın,96,3,2,Satış Yöneticisi,3,Boşanmış,6439,13693,8,Hayır,14,3,3,80,1,18,2,3,8,7,7,7
29,Hayır,Seyrek Seyahat,598,Araştırma ve Geliştirme,9,3,Fen Bilimleri,1,1558,3,Erkek,91,4,1,Araştırma Bilimcisi,3,Evli,2451,22376,6,Hayır,18,3,1,80,2,5,2,2,1,0,0,0
33,Hayır,Seyrek Seyahat,1242,Satış,8,4,Fen Bilimleri,1,1560,1,Erkek,46,3,2,Satış Yöneticisi,1,Evli,6392,10589,2,Hayır,13,3,4,80,1,8,6,1,2,2,2,2
30,Evet,Seyrek Seyahat,740,Satış,1,3,Fen Bilimleri,1,1562,2,Erkek,64,2,2,Satış Yöneticisi,1,Evli,9714,5323,1,Hayır,11,3,4,80,1,10,4,3,10,8,6,7
38,Hayır,Sık Seyahat,888,İnsan Kaynakları,10,4,İnsan Kaynakları,1,1563,3,Erkek,71,3,2,İnsan Kaynakları,3,Evli,6077,14814,3,Hayır,11,3,3,80,0,10,2,3,6,3,1,2
35,Hayır,Seyrek Seyahat,992,Araştırma ve Geliştirme,1,3,Tıp,1,1564,4,Erkek,68,2,1,Laboratuvar Teknikeri,1,Bekar,2450,21731,1,Hayır,19,3,2,80,0,3,3,3,3,0,1,2
30,Hayır,Seyrek Seyahat,1288,Satış,29,4,Mühendislik,1,1568,3,Erkek,33,3,3,Satış Yöneticisi,2,Evli,9250,17799,3,Hayır,12,3,2,80,1,9,3,3,4,2,1,3
35,Evet,Seyrek Seyahat,104,Araştırma ve Geliştirme,2,3,Fen Bilimleri,1,1569,1,Kadın,69,3,1,Laboratuvar Teknikeri,1,Boşanmış,2074,26619,1,Evet,12,3,4,80,1,1,2,3,1,0,0,0
53,Evet,Seyrek Seyahat,607,Araştırma ve Geliştirme,2,5,Mühendislik,1,1572,3,Kadın,78,2,3,Üretim Direktörü,4,Evli,10169,14618,0,Hayır,16,3,2,80,1,34,4,3,33,7,1,9
38,Evet,Seyrek Seyahat,903,Araştırma ve Geliştirme,2,3,Tıp,1,1573,3,Erkek,81,3,2,Üretim Direktörü,2,Evli,4855,7653,4,Hayır,11,3,1,80,2,7,2,3,5,2,1,4
32,Hayır,Seyahat Etmez,1200,Araştırma ve Geliştirme,1,4,Mühendislik,1,1574,4,Erkek,62,3,2,Araştırma Bilimcisi,1,Evli,4087,25174,4,Hayır,14,3,2,80,1,9,3,2,6,5,1,2
48,Hayır,Seyrek Seyahat,1108,Araştırma ve Geliştirme,15,4,Diğer,1,1576,3,Kadın,65,3,1,Araştırma Bilimcisi,1,Evli,2367,16530,8,Hayır,12,3,4,80,1,10,3,2,8,2,7,6
34,Hayır,Seyrek Seyahat,479,Araştırma ve Geliştirme,7,4,Tıp,1,1577,1,Erkek,35,3,1,Araştırma Bilimcisi,4,Bekar,2972,22061,1,Hayır,13,3,3,80,0,1,4,1,1,0,0,0
55,Hayır,Seyrek Seyahat,685,Satış,26,5,Pazarlama,1,1578,3,Erkek,60,2,5,Yönetici,4,Evli,19586,23037,1,Hayır,21,4,3,80,1,36,3,3,36,6,2,13
34,Hayır,Seyrek Seyahat,1351,Araştırma ve Geliştirme,1,4,Fen Bilimleri,1,1580,2,Erkek,45,3,2,Araştırma Bilimcisi,4,Evli,5484,13008,9,Hayır,17,3,2,80,1,9,3,2,2,2,2,1
26,Hayır,Seyrek Seyahat,474,Araştırma ve Geliştirme,3,3,Fen Bilimleri,1,1581,1,Kadın,89,3,1,Araştırma Bilimcisi,4,Evli,2061,11133,1,Hayır,21,4,1,80,0,1,5,3,1,0,0,0
38,Hayır,Seyrek Seyahat,1245,Satış,14,3,Fen Bilimleri,1,1582,3,Erkek,80,3,2,Satış Yöneticisi,2,Evli,9924,12355,0,Hayır,11,3,4,80,1,10,3,3,9,8,7,7
38,Hayır,Seyrek Seyahat,437,Satış,16,3,Fen Bilimleri,1,1583,2,Kadın,90,3,2,Satış Yöneticisi,2,Bekar,4198,16379,2,Hayır,12,3,2,80,0,8,5,4,3,2,1,2
36,Hayır,Seyrek Seyahat,884,Satış,1,4,Fen Bilimleri,1,1585,2,Kadın,73,3,2,Satış Yöneticisi,3,Bekar,6815,21447,6,Hayır,13,3,1,80,0,15,5,3,1,0,0,0
29,Hayır,Seyrek Seyahat,1370,Araştırma ve Geliştirme,3,1,Tıp,1,1586,2,Erkek,87,3,1,Laboratuvar Teknikeri,1,Bekar,4723,16213,1,Evet,18,3,4,80,0,10,3,3,10,9,1,5
35,Hayır,Seyrek Seyahat,670,Araştırma ve Geliştirme,10,4,Tıp,1,1587,1,Kadın,51,3,2,Sağlık Temsilcisi,3,Bekar,6142,4223,3,Evet,16,3,3,80,0,10,4,3,5,2,0,4
39,Hayır,Seyrek Seyahat,1462,Satış,6,3,Tıp,1,1588,4,Erkek,38,4,3,Satış Yöneticisi,3,Evli,8237,4658,2,Hayır,11,3,1,80,1,11,3,3,7,6,7,6
29,Hayır,Sık Seyahat,995,Araştırma ve Geliştirme,2,1,Fen Bilimleri,1,1590,1,Erkek,87,3,2,Sağlık Temsilcisi,4,Boşanmış,8853,24483,1,Hayır,19,3,4,80,1,6,0,4,6,4,1,3
50,Hayır,Seyrek Seyahat,264,Satış,9,3,Pazarlama,1,1591,3,Erkek,59,3,5,Yönetici,3,Evli,19331,19519,4,Evet,16,3,3,80,1,27,2,3,1,0,0,0
23,Hayır,Seyrek Seyahat,977,Araştırma ve Geliştirme,10,3,Mühendislik,1,1592,4,Erkek,45,4,1,Araştırma Bilimcisi,3,Evli,2073,12826,2,Hayır,16,3,4,80,1,4,2,3,2,2,2,2
36,Hayır,Sık Seyahat,1302,Araştırma ve Geliştirme,6,4,Fen Bilimleri,1,1594,1,Erkek,80,4,2,Laboratuvar Teknikeri,1,Evli,5562,19711,3,Evet,13,3,4,80,1,9,3,3,3,2,0,2
42,Hayır,Seyrek Seyahat,1059,Araştırma ve Geliştirme,9,2,Diğer,1,1595,4,Erkek,93,2,5,Yönetici,4,Bekar,19613,26362,8,Hayır,22,4,4,80,0,24,2,3,1,0,0,1
35,Hayır,Seyrek Seyahat,750,Araştırma ve Geliştirme,28,3,Fen Bilimleri,1,1596,2,Erkek,46,4,2,Laboratuvar Teknikeri,3,Evli,3407,25348,1,Hayır,17,3,4,80,2,10,3,2,10,9,6,8
34,Hayır,Sık Seyahat,653,Araştırma ve Geliştirme,10,4,Mühendislik,1,1597,4,Erkek,92,2,2,Sağlık Temsilcisi,3,Evli,5063,15332,1,Hayır,14,3,2,80,1,8,3,2,8,2,7,7
40,Hayır,Seyrek Seyahat,118,Satış,14,2,Fen Bilimleri,1,1598,4,Kadın,84,3,2,Satış Yöneticisi,1,Evli,4639,11262,1,Hayır,15,3,3,80,1,5,2,3,5,4,1,2
43,Hayır,Seyrek Seyahat,990,Araştırma ve Geliştirme,27,3,Mühendislik,1,1599,4,Erkek,87,4,1,Laboratuvar Teknikeri,2,Boşanmış,4876,5855,5,Hayır,12,3,3,80,1,8,0,3,6,4,0,2
35,Hayır,Seyrek Seyahat,1349,Araştırma ve Geliştirme,7,2,Fen Bilimleri,1,1601,3,Erkek,63,2,1,Laboratuvar Teknikeri,4,Evli,2690,7713,1,Hayır,18,3,4,80,1,1,5,2,1,0,0,1
46,Hayır,Seyrek Seyahat,563,Satış,1,4,Fen Bilimleri,1,1602,4,Erkek,56,4,4,Yönetici,1,Bekar,17567,3156,1,Hayır,15,3,2,80,0,27,5,1,26,0,0,12
28,Evet,Seyrek Seyahat,329,Araştırma ve Geliştirme,24,3,Tıp,1,1604,3,Erkek,51,3,1,Laboratuvar Teknikeri,2,Evli,2408,7324,1,Evet,17,3,3,80,3,1,3,3,1,1,0,0
22,Hayır,Seyahat Etmez,457,Araştırma ve Geliştirme,26,2,Diğer,1,1605,2,Kadın,85,2,1,Araştırma Bilimcisi,3,Evli,2814,10293,1,Evet,14,3,2,80,0,4,2,2,4,2,1,3
50,Hayır,Sık Seyahat,1234,Araştırma ve Geliştirme,20,5,Tıp,1,1606,2,Erkek,41,3,4,Sağlık Temsilcisi,3,Evli,11245,20689,2,Evet,15,3,3,80,1,32,3,3,30,8,12,13
32,Hayır,Seyrek Seyahat,634,Araştırma ve Geliştirme,5,4,Diğer,1,1607,2,Kadın,35,4,1,Araştırma Bilimcisi,4,Evli,3312,18783,3,Hayır,17,3,4,80,2,6,3,3,3,2,0,2
44,Hayır,Seyrek Seyahat,1313,Araştırma ve Geliştirme,7,3,Tıp,1,1608,2,Kadın,31,3,5,Araştırma Direktörü,4,Boşanmış,19049,3549,0,Evet,14,3,4,80,1,23,4,2,22,7,1,10
30,Hayır,Seyrek Seyahat,241,Araştırma ve Geliştirme,7,3,Tıp,1,1609,2,Erkek,48,2,1,Araştırma Bilimcisi,2,Evli,2141,5348,1,Hayır,12,3,2,80,1,6,3,2,6,4,1,1
45,Hayır,Seyrek Seyahat,1015,Araştırma ve Geliştirme,5,5,Tıp,1,1611,3,Kadın,50,1,2,Laboratuvar Teknikeri,1,Bekar,5769,23447,1,Evet,14,3,1,80,0,10,3,3,10,7,1,4
45,Hayır,Seyahat Etmez,336,Satış,26,3,Pazarlama,1,1612,1,Erkek,52,2,2,Satış Yöneticisi,1,Evli,4385,24162,1,Hayır,15,3,1,80,1,10,2,3,10,7,4,5
31,Hayır,Sık Seyahat,715,Satış,2,4,Diğer,1,1613,4,Erkek,54,3,2,Satış Yöneticisi,1,Bekar,5332,21602,7,Hayır,13,3,4,80,0,10,3,3,5,2,0,3
36,Hayır,Seyrek Seyahat,559,Araştırma ve Geliştirme,12,4,Fen Bilimleri,1,1614,3,Kadın,76,3,2,Üretim Direktörü,3,Evli,4663,12421,9,Evet,12,3,2,80,2,7,2,3,3,2,1,1
34,Hayır,Sık Seyahat,426,Araştırma ve Geliştirme,10,4,Fen Bilimleri,1,1615,3,Erkek,42,4,2,Üretim Direktörü,4,Boşanmış,4724,17000,1,Hayır,13,3,1,80,1,9,3,3,9,7,7,2
49,Hayır,Seyrek Seyahat,722,Araştırma ve Geliştirme,25,4,Fen Bilimleri,1,1617,3,Kadın,84,3,1,Laboratuvar Teknikeri,1,Evli,3211,22102,1,Hayır,14,3,4,80,1,10,3,2,9,6,1,4
39,Hayır,Seyrek Seyahat,1387,Araştırma ve Geliştirme,10,5,Tıp,1,1618,2,Erkek,76,3,2,Üretim Direktörü,1,Evli,5377,3835,2,Hayır,13,3,4,80,3,10,3,3,7,7,7,7
27,Hayır,Seyrek Seyahat,1302,Araştırma ve Geliştirme,19,3,Diğer,1,1619,4,Erkek,67,2,1,Laboratuvar Teknikeri,1,Boşanmış,4066,16290,1,Hayır,11,3,1,80,2,7,3,3,7,7,0,7
35,Hayır,Seyrek Seyahat,819,Araştırma ve Geliştirme,18,5,Fen Bilimleri,1,1621,2,Erkek,48,4,2,Araştırma Bilimcisi,1,Evli,5208,26312,1,Hayır,11,3,4,80,0,16,2,3,16,15,1,10
28,Hayır,Seyrek Seyahat,580,Araştırma ve Geliştirme,27,3,Tıp,1,1622,2,Kadın,39,1,2,Üretim Direktörü,1,Boşanmış,4877,20460,0,Hayır,21,4,2,80,1,6,5,2,5,3,0,0
21,Hayır,Seyrek Seyahat,546,Araştırma ve Geliştirme,5,1,Tıp,1,1623,3,Erkek,97,3,1,Araştırma Bilimcisi,4,Bekar,3117,26009,1,Hayır,18,3,3,80,0,3,2,3,2,2,2,2
18,Evet,Sık Seyahat,544,Satış,3,2,Tıp,1,1624,2,Kadın,70,3,1,Satış Temsilcisi,4,Bekar,1569,18420,1,Evet,12,3,3,80,0,0,2,4,0,0,0,0
47,Hayır,Seyrek Seyahat,1176,İnsan Kaynakları,26,4,Fen Bilimleri,1,1625,4,Kadın,98,3,5,Yönetici,3,Evli,19658,5220,3,Hayır,11,3,3,80,1,27,2,3,5,2,1,0
39,Hayır,Seyrek Seyahat,170,Araştırma ve Geliştirme,3,2,Tıp,1,1627,3,Erkek,76,2,2,Laboratuvar Teknikeri,3,Boşanmış,3069,10302,0,Hayır,15,3,4,80,1,11,3,3,10,8,0,7
40,Hayır,Seyrek Seyahat,884,Araştırma ve Geliştirme,15,3,Fen Bilimleri,1,1628,1,Kadın,80,2,3,Üretim Direktörü,3,Evli,10435,25800,1,Hayır,13,3,4,80,2,18,2,3,18,15,14,12
35,Hayır,Seyahat Etmez,208,Araştırma ve Geliştirme,8,4,Fen Bilimleri,1,1630,3,Kadın,52,3,2,Sağlık Temsilcisi,3,Evli,4148,12250,1,Hayır,12,3,4,80,1,15,5,3,14,11,2,9
37,Hayır,Seyrek Seyahat,671,Araştırma ve Geliştirme,19,3,Fen Bilimleri,1,1631,3,Erkek,85,3,2,Üretim Direktörü,3,Evli,5768,26493,3,Hayır,17,3,1,80,3,9,2,2,4,3,0,2
39,Hayır,Sık Seyahat,711,Araştırma ve Geliştirme,4,3,Tıp,1,1633,1,Kadın,81,3,2,Üretim Direktörü,3,Bekar,5042,3140,0,Hayır,13,3,4,80,0,10,2,1,9,2,3,8
45,Hayır,Seyrek Seyahat,1329,Araştırma ve Geliştirme,2,2,Diğer,1,1635,4,Kadın,59,2,2,Üretim Direktörü,4,Boşanmış,5770,5388,1,Hayır,19,3,1,80,2,10,3,3,10,7,3,9
38,Hayır,Seyrek Seyahat,397,Araştırma ve Geliştirme,2,2,Tıp,1,1638,4,Kadın,54,2,3,Üretim Direktörü,3,Evli,7756,14199,3,Evet,19,3,4,80,1,10,6,4,5,4,0,2
35,Evet,Seyrek Seyahat,737,Satış,10,3,Tıp,1,1639,4,Erkek,55,2,3,Satış Yöneticisi,1,Evli,10306,21530,9,Hayır,17,3,3,80,0,15,3,3,13,12,6,0
37,Hayır,Seyrek Seyahat,1470,Araştırma ve Geliştirme,10,3,Tıp,1,1640,2,Kadın,71,3,1,Araştırma Bilimcisi,2,Evli,3936,9953,1,Hayır,11,3,1,80,1,8,2,1,8,4,7,7
40,Hayır,Seyrek Seyahat,448,Araştırma ve Geliştirme,16,3,Fen Bilimleri,1,1641,3,Kadın,84,3,3,Üretim Direktörü,4,Bekar,7945,19948,6,Evet,15,3,4,80,0,18,2,2,4,2,3,3
44,Hayır,Sık Seyahat,602,İnsan Kaynakları,1,5,İnsan Kaynakları,1,1642,1,Erkek,37,3,2,İnsan Kaynakları,4,Evli,5743,10503,4,Evet,11,3,3,80,0,14,3,3,10,7,0,2
48,Hayır,Sık Seyahat,365,Araştırma ve Geliştirme,4,5,Tıp,1,1644,3,Erkek,89,2,4,Yönetici,4,Evli,15202,5602,2,Hayır,25,4,2,80,1,23,3,3,2,2,2,2
35,Evet,Seyrek Seyahat,763,Satış,15,2,Tıp,1,1645,1,Erkek,59,1,2,Satış Yöneticisi,4,Boşanmış,5440,22098,6,Evet,14,3,4,80,2,7,2,2,2,2,2,2
24,Hayır,Sık Seyahat,567,Araştırma ve Geliştirme,2,1,Mühendislik,1,1646,1,Kadın,32,3,1,Araştırma Bilimcisi,4,Bekar,3760,17218,1,Evet,13,3,3,80,0,6,2,3,6,3,1,3
27,Hayır,Seyrek Seyahat,486,Araştırma ve Geliştirme,8,3,Tıp,1,1647,2,Kadın,86,4,1,Araştırma Bilimcisi,3,Evli,3517,22490,7,Hayır,17,3,1,80,0,5,0,3,3,2,0,2
27,Hayır,Sık Seyahat,591,Araştırma ve Geliştirme,2,3,Tıp,1,1648,4,Erkek,87,3,1,Araştırma Bilimcisi,4,Bekar,2580,6297,2,Hayır,13,3,3,80,0,6,0,2,4,2,1,2
40,Evet,Seyrek Seyahat,1329,Araştırma ve Geliştirme,7,3,Fen Bilimleri,1,1649,1,Erkek,73,3,1,Laboratuvar Teknikeri,1,Bekar,2166,3339,3,Evet,14,3,2,80,0,10,3,1,4,2,0,3
29,Hayır,Seyrek Seyahat,469,Satış,10,3,Tıp,1,1650,3,Erkek,42,2,2,Satış Yöneticisi,3,Bekar,5869,23413,9,Hayır,11,3,3,80,0,8,2,3,5,2,1,4
36,Hayır,Seyrek Seyahat,711,Araştırma ve Geliştirme,5,4,Fen Bilimleri,1,1651,2,Kadın,42,3,3,Sağlık Temsilcisi,1,Evli,8008,22792,4,Hayır,12,3,3,80,2,9,6,3,3,2,0,2
25,Hayır,Sık Seyahat,772,Araştırma ve Geliştirme,2,1,Fen Bilimleri,1,1653,4,Erkek,77,4,2,Üretim Direktörü,3,Boşanmış,5206,4973,1,Hayır,17,3,3,80,2,7,6,3,7,7,0,7
39,Hayır,Seyrek Seyahat,492,Araştırma ve Geliştirme,12,3,Tıp,1,1654,4,Erkek,66,3,2,Üretim Direktörü,2,Evli,5295,7693,4,Hayır,21,4,3,80,0,7,3,3,5,4,1,0
49,Hayır,Seyrek Seyahat,301,Araştırma ve Geliştirme,22,4,Diğer,1,1655,1,Kadın,72,3,4,Araştırma Direktörü,2,Evli,16413,3498,3,Hayır,16,3,2,80,2,27,2,3,4,2,1,2
50,Hayır,Seyrek Seyahat,813,Araştırma ve Geliştirme,17,5,Fen Bilimleri,1,1656,4,Kadın,50,2,3,Araştırma Direktörü,1,Boşanmış,13269,21981,5,Hayır,15,3,3,80,3,19,3,3,14,11,1,11
20,Hayır,Seyrek Seyahat,1141,Satış,2,3,Tıp,1,1657,3,Kadın,31,3,1,Satış Temsilcisi,3,Bekar,2783,13251,1,Hayır,19,3,1,80,0,2,3,3,2,2,2,2
34,Hayır,Seyrek Seyahat,1130,Araştırma ve Geliştirme,3,3,Fen Bilimleri,1,1658,4,Kadın,66,3,2,Araştırma Bilimcisi,2,Boşanmış,5433,19332,1,Hayır,12,3,3,80,1,11,2,3,11,8,7,9
36,Hayır,Seyrek Seyahat,311,Araştırma ve Geliştirme,7,3,Fen Bilimleri,1,1659,1,Erkek,77,3,1,Laboratuvar Teknikeri,2,Bekar,2013,10950,2,Hayır,11,3,3,80,0,15,4,3,4,3,1,3
49,Hayır,Seyrek Seyahat,465,Araştırma ve Geliştirme,6,1,Fen Bilimleri,1,1661,3,Kadın,41,2,4,Sağlık Temsilcisi,3,Evli,13966,11652,2,Evet,19,3,2,80,1,30,3,3,15,11,2,12
36,Hayır,Seyahat Etmez,894,Araştırma ve Geliştirme,1,4,Tıp,1,1662,4,Kadın,33,2,2,Üretim Direktörü,3,Evli,4374,15411,0,Hayır,15,3,3,80,0,4,6,3,3,2,1,2
36,Hayır,Seyrek Seyahat,1040,Araştırma ve Geliştirme,3,2,Fen Bilimleri,1,1664,4,Erkek,79,4,2,Sağlık Temsilcisi,1,Boşanmış,6842,26308,6,Hayır,20,4,1,80,1,13,3,3,5,4,0,4
54,Hayır,Seyrek Seyahat,584,Araştırma ve Geliştirme,22,5,Tıp,1,1665,2,Kadın,91,3,4,Yönetici,3,Evli,17426,18685,3,Hayır,25,4,3,80,1,36,6,3,10,8,4,7
43,Hayır,Seyrek Seyahat,1291,Araştırma ve Geliştirme,15,2,Fen Bilimleri,1,1666,3,Erkek,65,2,4,Araştırma Direktörü,3,Evli,17603,3525,1,Hayır,24,4,1,80,1,14,3,3,14,10,6,11
35,Evet,Sık Seyahat,880,Satış,12,4,Diğer,1,1667,4,Erkek,36,3,2,Satış Yöneticisi,4,Bekar,4581,10414,3,Evet,24,4,1,80,0,13,2,4,11,9,6,7
38,Hayır,Sık Seyahat,1189,Araştırma ve Geliştirme,1,3,Fen Bilimleri,1,1668,4,Erkek,90,3,2,Araştırma Bilimcisi,4,Evli,4735,9867,7,Hayır,15,3,4,80,2,19,4,4,13,11,2,9
29,Hayır,Seyrek Seyahat,991,Satış,5,3,Tıp,1,1669,1,Erkek,43,2,2,Satış Yöneticisi,2,Boşanmış,4187,3356,1,Evet,13,3,2,80,1,10,3,2,10,0,0,9
33,Hayır,Seyrek Seyahat,392,Satış,2,4,Tıp,1,1670,4,Erkek,93,3,2,Satış Yöneticisi,4,Boşanmış,5505,3921,1,Hayır,14,3,3,80,2,6,5,3,6,2,0,4
32,Hayır,Seyrek Seyahat,977,Araştırma ve Geliştirme,2,3,Tıp,1,1671,4,Erkek,45,3,2,Araştırma Bilimcisi,2,Boşanmış,5470,25518,0,Hayır,13,3,3,80,2,10,4,2,9,5,1,6
31,Hayır,Seyrek Seyahat,1112,Satış,5,4,Fen Bilimleri,1,1673,1,Kadın,67,3,2,Satış Yöneticisi,4,Evli,5476,22589,1,Hayır,11,3,1,80,2,10,2,3,10,0,0,2
49,Hayır,Seyrek Seyahat,464,Araştırma ve Geliştirme,16,3,Tıp,1,1674,4,Kadın,74,3,1,Laboratuvar Teknikeri,1,Boşanmış,2587,24941,4,Evet,16,3,2,80,1,17,2,2,2,2,2,2
38,Hayır,Sık Seyahat,148,Araştırma ve Geliştirme,2,3,Tıp,1,1675,4,Kadın,42,2,1,Laboratuvar Teknikeri,2,Bekar,2440,23826,1,Hayır,22,4,2,80,0,4,3,3,4,3,3,3
47,Hayır,Seyrek Seyahat,1225,Satış,2,4,Fen Bilimleri,1,1676,2,Kadın,47,4,4,Yönetici,2,Boşanmış,15972,21086,6,Hayır,14,3,3,80,3,29,2,3,3,2,1,2
49,Hayır,Seyrek Seyahat,809,Araştırma ve Geliştirme,1,3,Fen Bilimleri,1,1677,3,Erkek,36,3,4,Yönetici,3,Bekar,15379,22384,4,Hayır,14,3,1,80,0,23,2,3,8,7,0,0
41,Hayır,Seyrek Seyahat,1206,Satış,23,2,Fen Bilimleri,1,1678,4,Erkek,80,3,3,Satış Yöneticisi,3,Bekar,7082,11591,3,Evet,16,3,4,80,0,21,2,3,2,0,0,2
20,Hayır,Seyrek Seyahat,727,Satış,9,1,Fen Bilimleri,1,1680,4,Erkek,54,3,1,Satış Temsilcisi,1,Bekar,2728,21082,1,Hayır,11,3,1,80,0,2,3,3,2,2,0,2
33,Hayır,Seyahat Etmez,530,Satış,16,3,Fen Bilimleri,1,1681,3,Kadın,36,3,2,Satış Yöneticisi,4,Boşanmış,5368,16130,1,Evet,25,4,3,80,1,7,2,3,6,5,1,2
36,Hayır,Seyrek Seyahat,1351,Araştırma ve Geliştirme,26,4,Fen Bilimleri,1,1682,1,Erkek,80,3,2,Sağlık Temsilcisi,3,Evli,5347,7419,6,Hayır,14,3,2,80,2,10,2,2,3,2,0,2
44,Hayır,Seyrek Seyahat,528,İnsan Kaynakları,1,3,Fen Bilimleri,1,1683,3,Kadın,44,3,1,İnsan Kaynakları,4,Boşanmış,3195,4167,4,Evet,18,3,1,80,3,8,2,3,2,2,2,2
23,Evet,Seyrek Seyahat,1320,Araştırma ve Geliştirme,8,1,Tıp,1,1684,4,Erkek,93,2,1,Laboratuvar Teknikeri,3,Bekar,3989,20586,1,Evet,11,3,1,80,0,5,2,3,5,4,1,2
38,Hayır,Seyrek Seyahat,1495,Araştırma ve Geliştirme,4,2,Tıp,1,1687,4,Kadın,87,3,1,Laboratuvar Teknikeri,3,Evli,3306,26176,7,Hayır,19,3,4,80,1,7,5,2,0,0,0,0
53,Hayır,Seyrek Seyahat,1395,Araştırma ve Geliştirme,24,4,Tıp,1,1689,2,Erkek,48,4,3,Sağlık Temsilcisi,4,Evli,7005,3458,3,Hayır,15,3,3,80,0,11,2,3,4,3,1,2
48,Evet,Sık Seyahat,708,Satış,7,2,Tıp,1,1691,4,Kadın,95,3,1,Satış Temsilcisi,3,Evli,2655,11740,2,Evet,11,3,3,80,2,19,3,3,9,7,7,7
32,Evet,Seyrek Seyahat,1259,Araştırma ve Geliştirme,2,4,Fen Bilimleri,1,1692,4,Erkek,95,3,1,Laboratuvar Teknikeri,2,Bekar,1393,24852,1,Hayır,12,3,1,80,0,1,2,3,1,0,0,0
26,Hayır,Seyahat Etmez,786,Araştırma ve Geliştirme,7,3,Tıp,1,1693,4,Erkek,76,3,1,Laboratuvar Teknikeri,4,Bekar,2570,11925,1,Hayır,20,4,3,80,0,7,5,3,7,7,5,7
55,Hayır,Seyrek Seyahat,1441,Araştırma ve Geliştirme,22,3,Mühendislik,1,1694,1,Erkek,94,2,1,Araştırma Bilimcisi,2,Boşanmış,3537,23737,5,Hayır,12,3,4,80,1,8,1,3,4,2,1,2
34,Hayır,Seyrek Seyahat,1157,Araştırma ve Geliştirme,5,2,Tıp,1,1696,2,Erkek,57,2,2,Laboratuvar Teknikeri,4,Evli,3986,11912,1,Hayır,14,3,3,80,1,15,3,4,15,10,4,13
60,Hayır,Seyrek Seyahat,370,Araştırma ve Geliştirme,1,4,Tıp,1,1697,3,Erkek,92,1,3,Sağlık Temsilcisi,4,Boşanmış,10883,20467,3,Hayır,20,4,3,80,1,19,2,4,1,0,0,0
33,Hayır,Seyrek Seyahat,267,Araştırma ve Geliştirme,21,3,Tıp,1,1698,2,Erkek,79,4,1,Laboratuvar Teknikeri,2,Evli,2028,13637,1,Hayır,18,3,4,80,3,14,6,3,14,11,2,13
37,Hayır,Sık Seyahat,1278,Satış,1,4,Tıp,1,1700,3,Erkek,31,1,2,Satış Yöneticisi,4,Boşanmış,9525,7677,1,Hayır,14,3,3,80,2,6,2,2,6,3,1,3
34,Hayır,Seyrek Seyahat,678,Araştırma ve Geliştirme,19,3,Fen Bilimleri,1,1701,2,Kadın,35,2,1,Araştırma Bilimcisi,4,Evli,2929,20338,1,Hayır,12,3,2,80,0,10,3,3,10,9,8,7
23,Evet,Seyrek Seyahat,427,Satış,7,3,Fen Bilimleri,1,1702,3,Erkek,99,3,1,Satış Temsilcisi,4,Boşanmış,2275,25103,1,Evet,21,4,2,80,1,3,2,3,3,2,0,2
44,Hayır,Seyrek Seyahat,921,Araştırma ve Geliştirme,2,3,Fen Bilimleri,1,1703,3,Kadın,96,4,3,Sağlık Temsilcisi,4,Evli,7879,14810,1,Evet,19,3,2,80,1,9,2,3,8,7,6,7
35,Hayır,Sık Seyahat,146,Araştırma ve Geliştirme,2,4,Tıp,1,1704,1,Erkek,79,2,1,Araştırma Bilimcisi,4,Bekar,4930,13970,0,Evet,14,3,3,80,0,6,2,4,5,4,1,4
43,Hayır,Seyrek Seyahat,1179,Satış,2,3,Tıp,1,1706,4,Erkek,73,3,2,Satış Yöneticisi,4,Evli,7847,6069,1,Evet,17,3,1,80,1,10,3,3,10,9,8,8
24,Hayır,Seyrek Seyahat,581,Araştırma ve Geliştirme,9,3,Tıp,1,1707,3,Erkek,62,4,1,Araştırma Bilimcisi,3,Evli,4401,17616,1,Hayır,16,3,4,80,1,5,1,3,5,3,0,4
41,Hayır,Seyrek Seyahat,918,Satış,6,3,Pazarlama,1,1708,4,Erkek,35,3,3,Satış Yöneticisi,3,Bekar,9241,15869,1,Hayır,12,3,2,80,0,10,3,3,10,8,8,7
29,Hayır,Seyrek Seyahat,1082,Araştırma ve Geliştirme,9,4,Tıp,1,1709,4,Kadın,43,3,1,Laboratuvar Teknikeri,3,Evli,2974,25412,9,Hayır,17,3,3,80,1,9,2,3,5,3,1,2
36,Hayır,Seyrek Seyahat,530,Satış,2,4,Fen Bilimleri,1,1710,3,Kadın,51,3,2,Satış Temsilcisi,4,Bekar,4502,7439,3,Hayır,15,3,3,80,0,17,2,2,13,7,6,7
45,Hayır,Seyahat Etmez,1238,Araştırma ve Geliştirme,1,1,Fen Bilimleri,1,1712,3,Erkek,74,2,3,Sağlık Temsilcisi,3,Evli,10748,3395,3,Hayır,23,4,4,80,1,25,3,2,23,15,14,4
24,Evet,Seyrek Seyahat,240,İnsan Kaynakları,22,1,İnsan Kaynakları,1,1714,4,Erkek,58,1,1,İnsan Kaynakları,3,Evli,1555,11585,1,Hayır,11,3,3,80,1,1,2,3,1,0,0,0
47,Evet,Sık Seyahat,1093,Satış,9,3,Fen Bilimleri,1,1716,3,Erkek,82,1,4,Satış Yöneticisi,3,Evli,12936,24164,7,Hayır,11,3,3,80,0,25,3,1,23,5,14,10
26,Hayır,Seyrek Seyahat,390,Araştırma ve Geliştirme,17,4,Tıp,1,1718,4,Erkek,62,1,1,Laboratuvar Teknikeri,3,Evli,2305,6217,1,Hayır,15,3,3,80,3,3,3,4,3,2,0,2
45,Hayır,Seyrek Seyahat,1005,Araştırma ve Geliştirme,28,2,Mühendislik,1,1719,4,Kadın,48,2,4,Araştırma Direktörü,2,Bekar,16704,17119,1,Hayır,11,3,3,80,0,21,2,3,21,6,8,6
32,Hayır,Sık Seyahat,585,Araştırma ve Geliştirme,10,3,Fen Bilimleri,1,1720,1,Erkek,56,3,1,Araştırma Bilimcisi,3,Evli,3433,17360,6,Hayır,13,3,1,80,1,10,3,2,5,2,1,3
31,Hayır,Seyrek Seyahat,741,Araştırma ve Geliştirme,2,4,Fen Bilimleri,1,1721,2,Erkek,69,3,1,Laboratuvar Teknikeri,3,Evli,3477,18103,1,Hayır,14,3,4,80,1,6,2,4,5,2,0,3
41,Hayır,Seyahat Etmez,552,İnsan Kaynakları,4,3,İnsan Kaynakları,1,1722,3,Erkek,60,1,2,İnsan Kaynakları,2,Evli,6430,20794,6,Hayır,19,3,2,80,1,10,4,3,3,2,1,2
40,Hayır,Seyrek Seyahat,369,Araştırma ve Geliştirme,8,2,Fen Bilimleri,1,1724,2,Kadın,92,3,2,Üretim Direktörü,1,Evli,6516,5041,2,Evet,16,3,2,80,1,18,3,3,1,0,0,0
24,Hayır,Seyrek Seyahat,506,Araştırma ve Geliştirme,29,1,Tıp,1,1725,2,Erkek,91,3,1,Laboratuvar Teknikeri,1,Boşanmış,3907,3622,1,Hayır,13,3,2,80,3,6,2,4,6,2,1,2
46,Hayır,Seyrek Seyahat,717,Araştırma ve Geliştirme,13,4,Fen Bilimleri,1,1727,3,Erkek,34,3,2,Sağlık Temsilcisi,2,Bekar,5562,9697,6,Hayır,14,3,4,80,0,19,3,3,10,7,0,9
35,Hayır,Seyrek Seyahat,1370,Araştırma ve Geliştirme,27,4,Fen Bilimleri,1,1728,4,Erkek,49,3,2,Üretim Direktörü,3,Evli,6883,5151,2,Hayır,16,3,2,80,1,17,3,3,7,7,0,7
30,Hayır,Seyrek Seyahat,793,Araştırma ve Geliştirme,16,1,Fen Bilimleri,1,1729,2,Erkek,33,3,1,Araştırma Bilimcisi,4,Evli,2862,3811,1,Hayır,12,3,2,80,1,10,2,2,10,0,0,8
47,Hayır,Seyahat Etmez,543,Satış,2,4,Pazarlama,1,1731,3,Erkek,87,3,2,Satış Yöneticisi,2,Evli,4978,3536,7,Hayır,11,3,4,80,1,4,3,1,1,0,0,0
46,Hayır,Seyrek Seyahat,1277,Satış,2,3,Fen Bilimleri,1,1732,3,Erkek,74,3,3,Satış Yöneticisi,4,Boşanmış,10368,5596,4,Evet,12,3,2,80,1,13,5,2,10,6,0,3
36,Evet,Seyrek Seyahat,1456,Satış,13,5,Pazarlama,1,1733,2,Erkek,96,2,2,Satış Yöneticisi,1,Boşanmış,6134,8658,5,Evet,13,3,2,80,3,16,3,3,2,2,2,2
32,Evet,Seyrek Seyahat,964,Satış,1,2,Fen Bilimleri,1,1734,1,Erkek,34,1,2,Satış Yöneticisi,2,Bekar,6735,12147,6,Hayır,15,3,2,80,0,10,2,3,0,0,0,0
23,Hayır,Seyrek Seyahat,160,Araştırma ve Geliştirme,4,1,Tıp,1,1735,3,Kadın,51,3,1,Laboratuvar Teknikeri,2,Bekar,3295,12862,1,Hayır,13,3,3,80,0,3,3,1,3,2,1,2
31,Hayır,Sık Seyahat,163,Araştırma ve Geliştirme,24,1,Mühendislik,1,1736,4,Kadın,30,3,2,Üretim Direktörü,4,Bekar,5238,6670,2,Hayır,20,4,4,80,0,9,3,2,5,4,1,4
39,Hayır,Seyahat Etmez,792,Araştırma ve Geliştirme,1,3,Fen Bilimleri,1,1737,4,Erkek,77,3,2,Laboratuvar Teknikeri,4,Evli,6472,8989,1,Evet,15,3,4,80,1,9,2,3,9,8,5,8
32,Hayır,Seyrek Seyahat,371,Satış,19,3,Fen Bilimleri,1,1739,4,Erkek,80,1,3,Satış Yöneticisi,3,Evli,9610,3840,3,Hayır,13,3,3,80,1,10,2,1,4,3,0,2
40,Hayır,Seyrek Seyahat,611,Satış,7,4,Tıp,1,1740,2,Erkek,88,3,5,Yönetici,2,Bekar,19833,4349,1,Hayır,14,3,2,80,0,21,3,2,21,8,12,8
45,Hayır,Seyrek Seyahat,176,İnsan Kaynakları,4,3,Fen Bilimleri,1,1744,3,Kadın,56,1,3,İnsan Kaynakları,3,Evli,9756,6595,4,Hayır,21,4,3,80,2,9,2,4,5,0,0,3
30,Hayır,Sık Seyahat,1312,Araştırma ve Geliştirme,2,4,Mühendislik,1,1745,4,Kadın,78,2,1,Araştırma Bilimcisi,1,Bekar,4968,26427,0,Hayır,16,3,4,80,0,10,2,3,9,7,0,7
24,Hayır,Sık Seyahat,897,İnsan Kaynakları,10,3,Tıp,1,1746,1,Erkek,59,3,1,İnsan Kaynakları,4,Evli,2145,2097,0,Hayır,14,3,4,80,1,3,2,3,2,2,2,1
30,Evet,Sık Seyahat,600,İnsan Kaynakları,8,3,İnsan Kaynakları,1,1747,3,Kadın,66,2,1,İnsan Kaynakları,4,Boşanmış,2180,9732,6,Hayır,11,3,3,80,1,6,0,2,4,2,1,2
31,Hayır,Seyrek Seyahat,1003,Satış,5,3,Mühendislik,1,1749,1,Erkek,51,3,2,Satış Yöneticisi,3,Evli,8346,20943,1,Hayır,19,3,3,80,1,6,3,3,5,2,0,2
27,Hayır,Seyrek Seyahat,1054,Araştırma ve Geliştirme,8,3,Tıp,1,1751,3,Kadın,67,3,1,Araştırma Bilimcisi,4,Bekar,3445,6152,1,Hayır,11,3,3,80,0,6,5,2,6,2,1,4
29,Evet,Seyrek Seyahat,428,Satış,9,3,Pazarlama,1,1752,2,Kadın,52,1,1,Satış Temsilcisi,2,Bekar,2760,14630,1,Hayır,13,3,3,80,0,2,3,3,2,2,2,2
29,Hayır,Sık Seyahat,461,Araştırma ve Geliştirme,1,3,Fen Bilimleri,1,1753,4,Erkek,70,4,2,Sağlık Temsilcisi,3,Bekar,6294,23060,8,Evet,12,3,4,80,0,10,5,4,3,2,0,2
30,Hayır,Seyrek Seyahat,979,Satış,15,2,Pazarlama,1,1754,3,Erkek,94,2,3,Satış Yöneticisi,1,Boşanmış,7140,3088,2,Hayır,11,3,1,80,1,12,2,3,7,7,1,7
34,Hayır,Seyrek Seyahat,181,Araştırma ve Geliştirme,2,4,Tıp,1,1755,4,Erkek,97,4,1,Araştırma Bilimcisi,4,Evli,2932,5586,0,Evet,14,3,1,80,3,6,3,3,5,0,1,2
33,Hayır,Seyahat Etmez,1283,Satış,2,3,Pazarlama,1,1756,4,Kadın,62,3,2,Satış Yöneticisi,2,Bekar,5147,10697,8,Hayır,15,3,4,80,0,13,2,2,11,7,1,7
49,Hayır,Seyrek Seyahat,1313,Satış,11,4,Pazarlama,1,1757,4,Kadın,80,3,2,Satış Yöneticisi,4,Bekar,4507,8191,3,Hayır,12,3,3,80,0,8,1,4,5,1,0,4
33,Evet,Seyrek Seyahat,211,Satış,16,3,Fen Bilimleri,1,1758,1,Kadın,74,3,3,Satış Yöneticisi,1,Bekar,8564,10092,2,Evet,20,4,3,80,0,11,2,2,0,0,0,0
38,Hayır,Sık Seyahat,594,Araştırma ve Geliştirme,2,2,Tıp,1,1760,3,Kadın,75,2,1,Laboratuvar Teknikeri,2,Evli,2468,15963,4,Hayır,14,3,2,80,1,9,4,2,6,1,0,5
31,Evet,Seyrek Seyahat,1079,Satış,16,4,Pazarlama,1,1761,1,Erkek,70,3,3,Satış Yöneticisi,3,Evli,8161,19002,2,Hayır,13,3,1,80,3,10,2,3,1,0,0,0
29,Hayır,Seyrek Seyahat,590,Araştırma ve Geliştirme,4,3,Mühendislik,1,1762,4,Kadın,91,2,1,Araştırma Bilimcisi,1,Boşanmış,2109,10007,1,Hayır,13,3,3,80,1,1,2,3,1,0,0,0
30,Hayır,Seyrek Seyahat,305,Araştırma ve Geliştirme,16,3,Fen Bilimleri,1,1763,3,Erkek,58,4,2,Sağlık Temsilcisi,3,Evli,5294,9128,3,Hayır,16,3,3,80,1,10,3,3,7,0,1,7
32,Hayır,Seyahat Etmez,953,Araştırma ve Geliştirme,5,4,Mühendislik,1,1764,2,Erkek,65,3,1,Araştırma Bilimcisi,2,Bekar,2718,17674,2,Hayır,14,3,2,80,0,12,3,3,7,7,0,7
38,Hayır,Seyrek Seyahat,833,Araştırma ve Geliştirme,18,3,Tıp,1,1766,2,Erkek,60,1,2,Sağlık Temsilcisi,4,Evli,5811,24539,3,Evet,16,3,3,80,1,15,2,3,1,0,1,0
43,Evet,Sık Seyahat,807,Araştırma ve Geliştirme,17,3,Mühendislik,1,1767,3,Erkek,38,2,1,Araştırma Bilimcisi,3,Evli,2437,15587,9,Evet,16,3,4,80,1,6,4,3,1,0,0,0
42,Hayır,Seyrek Seyahat,855,Araştırma ve Geliştirme,12,3,Tıp,1,1768,2,Erkek,57,3,1,Laboratuvar Teknikeri,2,Boşanmış,2766,8952,8,Hayır,22,4,2,80,3,7,6,2,5,3,0,4
55,Hayır,Seyrek Seyahat,478,Araştırma ve Geliştirme,2,3,Tıp,1,1770,3,Erkek,60,2,5,Araştırma Direktörü,1,Evli,19038,19805,8,Hayır,12,3,2,80,3,34,2,3,1,0,0,0
33,Hayır,Seyahat Etmez,775,Araştırma ve Geliştirme,4,3,Mühendislik,1,1771,4,Erkek,90,3,2,Araştırma Bilimcisi,2,Boşanmış,3055,6194,5,Hayır,15,3,4,80,2,11,2,2,9,8,1,7
41,Hayır,Seyrek Seyahat,548,Araştırma ve Geliştirme,9,4,Fen Bilimleri,1,1772,3,Erkek,94,3,1,Laboratuvar Teknikeri,1,Boşanmış,2289,20520,1,Hayır,20,4,2,80,2,5,2,3,5,3,0,4
34,Hayır,Seyahat Etmez,1375,Satış,10,3,Fen Bilimleri,1,1774,4,Erkek,87,3,2,Satış Yöneticisi,3,Boşanmış,4001,12313,1,Evet,14,3,3,80,1,15,3,3,15,14,0,7
53,Hayır,Seyahat Etmez,661,Araştırma ve Geliştirme,1,4,Tıp,1,1775,1,Kadın,60,2,4,Üretim Direktörü,3,Evli,12965,22308,4,Evet,20,4,4,80,3,27,2,2,3,2,0,2
43,Hayır,Seyrek Seyahat,244,İnsan Kaynakları,2,3,Fen Bilimleri,1,1778,2,Erkek,97,3,1,İnsan Kaynakları,4,Bekar,3539,5033,0,Hayır,13,3,2,80,0,10,5,3,9,7,1,8
34,Hayır,Seyrek Seyahat,511,Satış,3,2,Fen Bilimleri,1,1779,4,Kadın,32,1,2,Satış Yöneticisi,4,Bekar,6029,25353,5,Hayır,12,3,1,80,0,6,3,3,2,2,2,2
21,Evet,Seyrek Seyahat,337,Satış,7,1,Pazarlama,1,1780,2,Erkek,31,3,1,Satış Temsilcisi,2,Bekar,2679,4567,1,Hayır,13,3,2,80,0,1,3,3,1,0,1,0
38,Hayır,Seyrek Seyahat,1153,Araştırma ve Geliştirme,6,2,Diğer,1,1782,4,Kadın,40,2,1,Laboratuvar Teknikeri,3,Evli,3702,16376,1,Hayır,11,3,2,80,1,5,3,3,5,4,0,4
22,Evet,Seyrek Seyahat,1294,Araştırma ve Geliştirme,8,1,Tıp,1,1783,3,Kadın,79,3,1,Laboratuvar Teknikeri,1,Evli,2398,15999,1,Evet,17,3,3,80,0,1,6,3,1,0,0,0
31,Hayır,Seyrek Seyahat,196,Satış,29,4,Pazarlama,1,1784,1,Kadın,91,2,2,Satış Yöneticisi,4,Evli,5468,13402,1,Hayır,14,3,1,80,2,13,3,3,12,7,5,7
51,Hayır,Seyrek Seyahat,942,Araştırma ve Geliştirme,3,3,Mühendislik,1,1786,1,Kadın,53,3,3,Yönetici,3,Evli,13116,22984,2,Hayır,11,3,4,80,0,15,2,3,2,2,2,2
37,Hayır,Seyrek Seyahat,589,Satış,9,2,Pazarlama,1,1787,2,Erkek,46,2,2,Satış Yöneticisi,2,Evli,4189,8800,1,Hayır,14,3,1,80,2,5,2,3,5,2,0,3
46,Hayır,Seyrek Seyahat,734,Araştırma ve Geliştirme,2,4,Tıp,1,1789,3,Erkek,46,3,5,Araştırma Direktörü,4,Boşanmış,19328,14218,7,Evet,17,3,3,80,1,24,3,3,2,1,2,2
36,Hayır,Seyrek Seyahat,1383,Araştırma ve Geliştirme,10,3,Fen Bilimleri,1,1790,4,Erkek,90,3,3,Sağlık Temsilcisi,1,Evli,8321,25949,7,Evet,13,3,4,80,1,15,1,3,12,8,5,7
44,Evet,Sık Seyahat,429,Araştırma ve Geliştirme,1,2,Tıp,1,1792,3,Erkek,99,3,1,Araştırma Bilimcisi,2,Boşanmış,2342,11092,1,Evet,12,3,3,80,3,6,2,2,5,3,2,3
37,Hayır,Seyrek Seyahat,1239,İnsan Kaynakları,8,2,Diğer,1,1794,3,Erkek,89,3,2,İnsan Kaynakları,2,Boşanmış,4071,12832,2,Hayır,13,3,3,80,0,19,4,2,10,0,4,7
35,Evet,Seyrek Seyahat,303,Satış,27,3,Fen Bilimleri,1,1797,3,Erkek,84,3,2,Satış Yöneticisi,4,Bekar,5813,13492,1,Evet,18,3,4,80,0,10,2,3,10,7,7,7
33,Hayır,Seyrek Seyahat,867,Araştırma ve Geliştirme,8,4,Fen Bilimleri,1,1798,4,Erkek,90,4,1,Araştırma Bilimcisi,1,Evli,3143,6076,6,Hayır,19,3,2,80,1,14,1,3,10,8,7,6
28,Hayır,Seyrek Seyahat,1181,Araştırma ve Geliştirme,1,3,Fen Bilimleri,1,1799,3,Erkek,82,3,1,Araştırma Bilimcisi,4,Evli,2044,5531,1,Hayır,11,3,3,80,1,5,6,4,5,3,0,3
39,Hayır,Seyrek Seyahat,1253,Araştırma ve Geliştirme,10,1,Tıp,1,1800,3,Erkek,65,3,3,Araştırma Direktörü,3,Bekar,13464,7914,7,Hayır,21,4,3,80,0,9,3,3,4,3,2,2
46,Hayır,Seyahat Etmez,849,Satış,26,2,Fen Bilimleri,1,1801,2,Erkek,98,2,2,Satış Yöneticisi,2,Bekar,7991,25166,8,Hayır,15,3,3,80,0,6,3,3,2,2,2,2
40,Hayır,Seyrek Seyahat,616,Araştırma ve Geliştirme,2,2,Fen Bilimleri,1,1802,3,Kadın,99,3,1,Laboratuvar Teknikeri,1,Evli,3377,25605,4,Hayır,17,3,4,80,1,7,5,2,4,3,0,2
42,Hayır,Seyrek Seyahat,1128,Araştırma ve Geliştirme,13,3,Tıp,1,1803,2,Erkek,95,4,2,Sağlık Temsilcisi,1,Evli,5538,5696,5,Hayır,18,3,3,80,2,10,2,2,0,0,0,0
35,Hayır,Seyahat Etmez,1180,Araştırma ve Geliştirme,2,2,Tıp,1,1804,2,Erkek,90,3,2,Üretim Direktörü,4,Boşanmış,5762,24442,2,Hayır,14,3,3,80,1,15,6,3,7,7,1,7
38,Hayır,Seyahat Etmez,1336,İnsan Kaynakları,2,3,İnsan Kaynakları,1,1805,1,Erkek,100,3,1,İnsan Kaynakları,2,Boşanmış,2592,7129,5,Hayır,13,3,4,80,3,13,3,3,11,10,3,8
34,Evet,Sık Seyahat,234,Araştırma ve Geliştirme,9,4,Fen Bilimleri,1,1807,4,Erkek,93,3,2,Laboratuvar Teknikeri,1,Evli,5346,6208,4,Hayır,17,3,3,80,1,11,3,2,7,1,0,7
37,Evet,Seyrek Seyahat,370,Araştırma ve Geliştirme,10,4,Tıp,1,1809,4,Erkek,58,3,2,Üretim Direktörü,1,Bekar,4213,4992,1,Hayır,15,3,2,80,0,10,4,1,10,3,0,8
39,Hayır,Sık Seyahat,766,Satış,20,3,Fen Bilimleri,1,1812,3,Erkek,83,3,2,Satış Yöneticisi,4,Boşanmış,4127,19188,2,Hayır,18,3,4,80,1,7,6,3,2,1,2,2
43,Hayır,Seyahat Etmez,343,Araştırma ve Geliştirme,9,3,Fen Bilimleri,1,1813,1,Erkek,52,3,1,Araştırma Bilimcisi,3,Bekar,2438,24978,4,Hayır,13,3,3,80,0,7,2,2,3,2,1,2
41,Hayır,Seyrek Seyahat,447,Araştırma ve Geliştirme,5,3,Fen Bilimleri,1,1814,2,Erkek,85,4,2,Sağlık Temsilcisi,2,Bekar,6870,15530,3,Hayır,12,3,1,80,0,11,3,1,3,2,1,2
41,Hayır,Seyrek Seyahat,796,Satış,4,1,Pazarlama,1,1815,3,Kadın,81,3,3,Satış Yöneticisi,3,Boşanmış,10447,26458,0,Evet,13,3,4,80,1,23,3,4,22,14,13,5
30,Hayır,Seyrek Seyahat,1092,Araştırma ve Geliştirme,10,3,Tıp,1,1816,1,Kadın,64,3,3,Üretim Direktörü,3,Bekar,9667,2739,9,Hayır,14,3,2,80,0,9,3,3,7,7,0,2
26,Evet,Seyrek Seyahat,920,İnsan Kaynakları,20,2,Tıp,1,1818,4,Kadın,69,3,1,İnsan Kaynakları,2,Evli,2148,6889,0,Evet,11,3,3,80,0,6,3,3,5,1,1,4
46,Evet,Seyrek Seyahat,261,Araştırma ve Geliştirme,21,2,Tıp,1,1821,4,Kadın,66,3,2,Sağlık Temsilcisi,2,Evli,8926,10842,4,Hayır,22,4,4,80,1,13,2,4,9,7,3,7
40,Hayır,Seyrek Seyahat,1194,Araştırma ve Geliştirme,1,3,Fen Bilimleri,1,1822,3,Kadın,52,3,2,Sağlık Temsilcisi,4,Boşanmış,6513,9060,4,Hayır,17,3,4,80,1,12,3,3,5,3,0,3
34,Hayır,Seyrek Seyahat,810,Satış,8,2,Mühendislik,1,1823,2,Erkek,92,4,2,Satış Yöneticisi,3,Evli,6799,22128,1,Hayır,21,4,3,80,2,10,5,3,10,8,4,8
58,Hayır,Seyahat Etmez,350,Satış,2,3,Tıp,1,1824,2,Erkek,52,3,4,Yönetici,2,Boşanmış,16291,22577,4,Hayır,22,4,4,80,1,37,0,2,16,9,14,14
35,Hayır,Seyrek Seyahat,185,Araştırma ve Geliştirme,23,4,Tıp,1,1826,2,Erkek,91,1,1,Laboratuvar Teknikeri,3,Evli,2705,9696,0,Hayır,16,3,2,80,1,6,2,4,5,4,0,3
47,Hayır,Seyrek Seyahat,1001,Araştırma ve Geliştirme,4,3,Fen Bilimleri,1,1827,3,Kadın,92,2,3,Üretim Direktörü,2,Boşanmış,10333,19271,8,Evet,12,3,3,80,1,28,4,3,22,11,14,10
40,Hayır,Seyrek Seyahat,750,Araştırma ve Geliştirme,12,3,Fen Bilimleri,1,1829,2,Kadın,47,3,2,Sağlık Temsilcisi,1,Boşanmış,4448,10748,2,Hayır,12,3,2,80,1,15,3,3,7,4,7,7
54,Hayır,Seyrek Seyahat,431,Araştırma ve Geliştirme,7,4,Tıp,1,1830,4,Kadın,68,3,2,Araştırma Bilimcisi,4,Evli,6854,15696,4,Hayır,15,3,2,80,1,14,2,2,7,1,1,7
31,Hayır,Sık Seyahat,1125,Satış,7,4,Pazarlama,1,1833,1,Kadın,68,3,3,Satış Yöneticisi,1,Evli,9637,8277,2,Hayır,14,3,4,80,2,9,3,3,3,2,2,2
28,Hayır,Seyrek Seyahat,1217,Araştırma ve Geliştirme,1,3,Tıp,1,1834,3,Kadın,67,3,1,Araştırma Bilimcisi,1,Evli,3591,12719,1,Hayır,25,4,3,80,1,3,3,3,3,2,1,2
38,Hayır,Seyrek Seyahat,723,Satış,2,4,Pazarlama,1,1835,2,Kadın,77,1,2,Satış Temsilcisi,4,Evli,5405,4244,2,Evet,20,4,1,80,2,20,4,2,4,2,0,3
26,Hayır,Seyrek Seyahat,572,Satış,10,3,Tıp,1,1836,3,Erkek,46,3,2,Satış Yöneticisi,4,Bekar,4684,9125,1,Hayır,13,3,1,80,0,5,4,3,5,3,1,2
58,Hayır,Sık Seyahat,1216,Araştırma ve Geliştirme,15,4,Fen Bilimleri,1,1837,1,Erkek,87,3,4,Araştırma Direktörü,3,Evli,15787,21624,2,Evet,14,3,2,80,0,23,3,3,2,2,2,2
18,Hayır,Seyahat Etmez,1431,Araştırma ve Geliştirme,14,3,Tıp,1,1839,2,Kadın,33,3,1,Araştırma Bilimcisi,3,Bekar,1514,8018,1,Hayır,16,3,3,80,0,0,4,1,0,0,0,0
31,Evet,Seyrek Seyahat,359,İnsan Kaynakları,18,5,İnsan Kaynakları,1,1842,4,Erkek,89,4,1,İnsan Kaynakları,1,Evli,2956,21495,0,Hayır,17,3,3,80,0,2,4,3,1,0,0,0
29,Evet,Seyrek Seyahat,350,İnsan Kaynakları,13,3,İnsan Kaynakları,1,1844,1,Erkek,56,2,1,İnsan Kaynakları,1,Boşanmış,2335,3157,4,Evet,15,3,4,80,3,4,3,3,2,2,2,0
45,Hayır,Seyahat Etmez,589,Satış,2,4,Fen Bilimleri,1,1845,3,Kadın,67,3,2,Satış Yöneticisi,3,Evli,5154,19665,4,Hayır,22,4,2,80,2,10,3,4,8,7,5,7
36,Hayır,Seyrek Seyahat,430,Araştırma ve Geliştirme,2,4,Diğer,1,1847,4,Kadın,73,3,2,Araştırma Bilimcisi,2,Evli,6962,19573,4,Evet,22,4,4,80,1,15,2,3,1,0,0,0
43,Hayır,Sık Seyahat,1422,Satış,2,4,Fen Bilimleri,1,1849,1,Erkek,92,3,2,Satış Yöneticisi,4,Evli,5675,19246,1,Hayır,20,4,3,80,1,7,5,3,7,7,7,7
27,Hayır,Sık Seyahat,1297,Araştırma ve Geliştirme,5,2,Fen Bilimleri,1,1850,4,Kadın,53,3,1,Laboratuvar Teknikeri,4,Bekar,2379,19826,0,Evet,14,3,3,80,0,6,3,2,5,4,0,2
29,Hayır,Sık Seyahat,574,Araştırma ve Geliştirme,20,1,Tıp,1,1852,4,Erkek,40,3,1,Laboratuvar Teknikeri,4,Evli,3812,7003,1,Hayır,13,3,2,80,0,11,3,4,11,8,3,10
32,Hayır,Sık Seyahat,1318,Satış,10,4,Pazarlama,1,1853,4,Erkek,79,3,2,Satış Yöneticisi,4,Bekar,4648,26075,8,Hayır,13,3,3,80,0,4,2,4,0,0,0,0
42,Hayır,Seyahat Etmez,355,Araştırma ve Geliştirme,10,4,Mühendislik,1,1854,3,Erkek,38,3,1,Araştırma Bilimcisi,3,Evli,2936,6161,3,Hayır,22,4,2,80,2,10,1,2,6,3,3,3
47,Hayır,Seyrek Seyahat,207,Araştırma ve Geliştirme,9,4,Fen Bilimleri,1,1856,2,Kadın,64,3,1,Laboratuvar Teknikeri,3,Bekar,2105,5411,4,Hayır,12,3,3,80,0,7,2,3,2,2,2,0
46,Hayır,Seyrek Seyahat,706,Araştırma ve Geliştirme,2,2,Fen Bilimleri,1,1857,4,Erkek,82,3,3,Üretim Direktörü,4,Boşanmış,8578,19989,3,Hayır,14,3,3,80,1,12,4,2,9,8,4,7
28,Hayır,Seyahat Etmez,280,İnsan Kaynakları,1,2,Fen Bilimleri,1,1858,3,Erkek,43,3,1,İnsan Kaynakları,4,Boşanmış,2706,10494,1,Hayır,15,3,2,80,1,3,2,3,3,2,2,2
29,Hayır,Seyrek Seyahat,726,Araştırma ve Geliştirme,29,1,Fen Bilimleri,1,1859,4,Erkek,93,1,2,Sağlık Temsilcisi,3,Boşanmış,6384,21143,8,Hayır,17,3,4,80,2,11,3,3,7,0,1,6
42,Hayır,Seyrek Seyahat,1142,Araştırma ve Geliştirme,8,3,Fen Bilimleri,1,1860,4,Erkek,81,3,1,Laboratuvar Teknikeri,3,Bekar,3968,13624,4,Hayır,13,3,4,80,0,8,3,3,0,0,0,0
32,Evet,Seyrek Seyahat,414,Satış,2,4,Pazarlama,1,1862,3,Erkek,82,2,2,Satış Yöneticisi,2,Bekar,9907,26186,7,Evet,12,3,3,80,0,7,3,2,2,2,2,2
46,Hayır,Seyrek Seyahat,1319,Satış,3,3,Mühendislik,1,1863,1,Kadın,45,4,4,Satış Yöneticisi,1,Boşanmış,13225,7739,2,Hayır,12,3,4,80,1,25,5,3,19,17,2,8
27,Hayır,Seyrek Seyahat,728,Satış,23,1,Tıp,1,1864,2,Kadın,36,2,2,Satış Temsilcisi,3,Evli,3540,7018,1,Hayır,21,4,4,80,1,9,5,3,9,8,5,8
29,Hayır,Seyrek Seyahat,352,İnsan Kaynakları,6,1,Tıp,1,1865,4,Erkek,87,2,1,İnsan Kaynakları,2,Evli,2804,15434,1,Hayır,11,3,4,80,0,1,3,3,1,0,0,0
43,Hayır,Seyrek Seyahat,823,Araştırma ve Geliştirme,6,3,Tıp,1,1866,1,Kadın,81,2,5,Yönetici,3,Evli,19392,22539,7,Hayır,13,3,4,80,0,21,2,3,16,12,6,14
48,Hayır,Seyrek Seyahat,1224,Araştırma ve Geliştirme,10,3,Fen Bilimleri,1,1867,4,Erkek,91,2,5,Araştırma Direktörü,2,Evli,19665,13583,4,Hayır,12,3,4,80,0,29,3,3,22,10,12,9
29,Evet,Sık Seyahat,459,Araştırma ve Geliştirme,24,2,Fen Bilimleri,1,1868,4,Erkek,73,2,1,Araştırma Bilimcisi,4,Bekar,2439,14753,1,Evet,24,4,2,80,0,1,3,2,1,0,1,0
46,Evet,Seyrek Seyahat,1254,Satış,10,3,Fen Bilimleri,1,1869,3,Kadın,64,3,3,Satış Yöneticisi,2,Evli,7314,14011,5,Hayır,21,4,3,80,3,14,2,3,8,7,0,7
27,Hayır,Sık Seyahat,1131,Araştırma ve Geliştirme,15,3,Fen Bilimleri,1,1870,4,Kadın,77,2,1,Araştırma Bilimcisi,1,Evli,4774,23844,0,Hayır,19,3,4,80,1,8,2,2,7,6,7,3
39,Hayır,Seyrek Seyahat,835,Araştırma ve Geliştirme,19,4,Diğer,1,1871,4,Erkek,41,3,2,Araştırma Bilimcisi,4,Boşanmış,3902,5141,8,Hayır,14,3,2,80,3,7,2,3,2,2,2,2
55,Hayır,Seyrek Seyahat,836,Araştırma ve Geliştirme,2,4,Mühendislik,1,1873,2,Erkek,98,2,1,Araştırma Bilimcisi,4,Evli,2662,7975,8,Hayır,20,4,2,80,1,19,2,4,5,2,0,4
28,Hayır,Seyrek Seyahat,1172,Satış,3,3,Tıp,1,1875,2,Kadın,78,3,1,Satış Temsilcisi,2,Evli,2856,3692,1,Hayır,19,3,4,80,1,1,3,3,1,0,0,0
30,Evet,Seyrek Seyahat,945,Satış,9,3,Tıp,1,1876,2,Erkek,89,3,1,Satış Temsilcisi,4,Bekar,1081,16019,1,Hayır,13,3,3,80,0,1,3,2,1,0,0,0
22,Evet,Seyrek Seyahat,391,Araştırma ve Geliştirme,7,1,Fen Bilimleri,1,1878,4,Erkek,75,3,1,Araştırma Bilimcisi,2,Bekar,2472,26092,1,Evet,23,4,1,80,0,1,2,3,1,0,0,0
36,Hayır,Seyrek Seyahat,1266,Satış,10,4,Mühendislik,1,1880,2,Kadın,63,2,2,Satış Yöneticisi,3,Evli,5673,6060,1,Evet,13,3,1,80,1,10,4,3,10,9,1,7
31,Hayır,Seyrek Seyahat,311,Araştırma ve Geliştirme,20,3,Fen Bilimleri,1,1881,2,Erkek,89,3,2,Laboratuvar Teknikeri,3,Boşanmış,4197,18624,1,Hayır,11,3,1,80,1,10,2,3,10,8,0,2
34,Hayır,Seyrek Seyahat,1480,Satış,4,3,Fen Bilimleri,1,1882,3,Erkek,64,3,3,Satış Yöneticisi,4,Evli,9713,24444,2,Evet,13,3,4,80,3,9,3,3,5,3,1,0
29,Hayır,Seyrek Seyahat,592,Araştırma ve Geliştirme,7,3,Fen Bilimleri,1,1883,4,Erkek,59,3,1,Laboratuvar Teknikeri,1,Bekar,2062,19384,3,Hayır,14,3,2,80,0,11,2,3,3,2,1,2
37,Hayır,Seyrek Seyahat,783,Araştırma ve Geliştirme,7,4,Tıp,1,1885,4,Erkek,78,3,2,Araştırma Bilimcisi,1,Evli,4284,13588,5,Evet,22,4,3,80,1,16,2,3,5,3,0,4
35,Hayır,Seyrek Seyahat,219,Araştırma ve Geliştirme,16,2,Diğer,1,1886,4,Kadın,44,2,2,Üretim Direktörü,2,Evli,4788,25388,0,Evet,11,3,4,80,0,4,2,3,3,2,0,2
45,Hayır,Seyrek Seyahat,556,Araştırma ve Geliştirme,25,2,Fen Bilimleri,1,1888,2,Kadın,93,2,2,Üretim Direktörü,4,Evli,5906,23888,0,Hayır,13,3,4,80,2,10,2,2,9,8,3,8
36,Hayır,Sık Seyahat,1213,İnsan Kaynakları,2,1,İnsan Kaynakları,1,1890,2,Erkek,94,2,2,İnsan Kaynakları,4,Bekar,3886,4223,1,Hayır,21,4,4,80,0,10,2,2,10,1,0,8
40,Hayır,Seyrek Seyahat,1137,Araştırma ve Geliştirme,1,4,Fen Bilimleri,1,1892,1,Erkek,98,3,4,Yönetici,1,Boşanmış,16823,18991,2,Hayır,11,3,1,80,1,22,3,3,19,7,11,16
26,Hayır,Seyrek Seyahat,482,Araştırma ve Geliştirme,1,2,Fen Bilimleri,1,1893,2,Kadın,90,2,1,Araştırma Bilimcisi,3,Evli,2933,14908,1,Evet,13,3,3,80,1,1,3,2,1,0,1,0
27,Hayır,Seyrek Seyahat,511,Satış,2,2,Tıp,1,1898,1,Kadın,89,4,2,Satış Yöneticisi,3,Bekar,6500,26997,0,Hayır,14,3,2,80,0,9,5,2,8,7,0,7
48,Hayır,Sık Seyahat,117,Araştırma ve Geliştirme,22,3,Tıp,1,1900,4,Kadın,58,3,4,Yönetici,4,Boşanmış,17174,2437,3,Hayır,11,3,2,80,1,24,3,3,22,17,4,7
44,Hayır,Seyrek Seyahat,170,Araştırma ve Geliştirme,1,4,Fen Bilimleri,1,1903,2,Erkek,78,4,2,Sağlık Temsilcisi,1,Evli,5033,9364,2,Hayır,15,3,4,80,1,10,5,3,2,0,2,2
34,Evet,Seyahat Etmez,967,Araştırma ve Geliştirme,16,4,Mühendislik,1,1905,4,Erkek,85,1,1,Araştırma Bilimcisi,1,Evli,2307,14460,1,Evet,23,4,2,80,1,5,2,3,5,2,3,0
56,Evet,Seyrek Seyahat,1162,Araştırma ve Geliştirme,24,2,Fen Bilimleri,1,1907,1,Erkek,97,3,1,Laboratuvar Teknikeri,4,Bekar,2587,10261,1,Hayır,16,3,4,80,0,5,3,3,4,2,1,0
36,Hayır,Seyrek Seyahat,335,Satış,17,2,Pazarlama,1,1908,3,Erkek,33,2,2,Satış Yöneticisi,2,Evli,5507,16822,2,Hayır,16,3,3,80,2,12,1,1,4,2,1,3
41,Hayır,Seyrek Seyahat,337,Satış,8,3,Pazarlama,1,1909,3,Kadın,54,3,2,Satış Yöneticisi,2,Evli,4393,26841,5,Hayır,21,4,3,80,1,14,3,3,5,4,1,4
42,Hayır,Seyrek Seyahat,1396,Araştırma ve Geliştirme,6,3,Tıp,1,1911,3,Erkek,83,3,3,Araştırma Direktörü,1,Evli,13348,14842,9,Hayır,13,3,2,80,1,18,3,4,13,7,5,7
31,Hayır,Seyrek Seyahat,1079,Satış,10,2,Tıp,1,1912,3,Kadın,86,3,2,Satış Yöneticisi,4,Boşanmış,6583,20115,2,Evet,11,3,4,80,1,8,2,3,5,2,1,4
34,Hayır,Seyrek Seyahat,735,Satış,3,1,Tıp,1,1915,4,Kadın,75,2,2,Satış Yöneticisi,4,Evli,8103,16495,3,Evet,12,3,3,80,0,9,3,2,4,2,0,1
31,Hayır,Seyrek Seyahat,471,Araştırma ve Geliştirme,4,3,Tıp,1,1916,1,Kadın,62,4,1,Laboratuvar Teknikeri,3,Boşanmış,3978,16031,8,Hayır,12,3,2,80,1,4,0,2,2,2,2,2
26,Hayır,Sık Seyahat,1096,Araştırma ve Geliştirme,6,3,Diğer,1,1918,3,Erkek,61,4,1,Laboratuvar Teknikeri,4,Evli,2544,7102,0,Hayır,18,3,1,80,1,8,3,3,7,7,7,7
45,Hayır,Sık Seyahat,1297,Araştırma ve Geliştirme,1,4,Tıp,1,1922,2,Erkek,44,3,2,Sağlık Temsilcisi,3,Bekar,5399,14511,4,Hayır,12,3,3,80,0,12,3,3,4,2,0,3
33,Hayır,Seyrek Seyahat,217,Satış,10,4,Pazarlama,1,1924,2,Erkek,43,3,2,Satış Yöneticisi,3,Bekar,5487,10410,1,Hayır,14,3,2,80,0,10,2,2,10,4,0,9
28,Hayır,Sık Seyahat,783,Satış,1,2,Fen Bilimleri,1,1927,3,Erkek,42,2,2,Satış Yöneticisi,4,Evli,6834,19255,1,Evet,12,3,3,80,1,7,2,3,7,7,0,7
29,Evet,Sık Seyahat,746,Satış,24,3,Mühendislik,1,1928,3,Erkek,45,4,1,Satış Temsilcisi,1,Bekar,1091,10642,1,Hayır,17,3,4,80,0,1,3,3,1,0,0,0
39,Hayır,Seyahat Etmez,1251,Satış,21,4,Fen Bilimleri,1,1929,1,Kadın,32,1,2,Satış Yöneticisi,3,Evli,5736,3987,6,Hayır,19,3,3,80,1,10,1,3,3,2,1,2
27,Hayır,Seyrek Seyahat,1354,Araştırma ve Geliştirme,2,4,Mühendislik,1,1931,2,Erkek,41,3,1,Araştırma Bilimcisi,2,Evli,2226,6073,1,Hayır,11,3,3,80,1,6,3,2,5,3,1,2
34,Hayır,Sık Seyahat,735,Araştırma ve Geliştirme,22,4,Diğer,1,1932,3,Erkek,86,2,2,Araştırma Bilimcisi,4,Evli,5747,26496,1,Evet,15,3,2,80,0,16,3,3,15,10,6,11
28,Evet,Seyrek Seyahat,1475,Satış,13,2,Pazarlama,1,1933,4,Kadın,84,3,2,Satış Yöneticisi,3,Bekar,9854,23352,3,Evet,11,3,4,80,0,6,0,3,2,0,2,2
47,Hayır,Seyahat Etmez,1169,Araştırma ve Geliştirme,14,4,Mühendislik,1,1934,3,Erkek,64,3,2,Araştırma Bilimcisi,2,Evli,5467,2125,8,Hayır,18,3,3,80,1,16,4,4,8,7,1,7
56,Hayır,Seyrek Seyahat,1443,Satış,11,5,Pazarlama,1,1935,4,Kadın,89,2,2,Satış Yöneticisi,1,Evli,5380,20328,4,Hayır,16,3,3,80,1,6,3,3,0,0,0,0
39,Hayır,Seyrek Seyahat,867,Araştırma ve Geliştirme,9,2,Tıp,1,1936,1,Erkek,87,3,2,Üretim Direktörü,1,Evli,5151,12315,1,Hayır,25,4,4,80,1,10,3,3,10,0,7,9
38,Hayır,Sık Seyahat,1394,Araştırma ve Geliştirme,8,3,Tıp,1,1937,4,Kadın,58,2,2,Araştırma Bilimcisi,2,Boşanmış,2133,18115,1,Evet,16,3,3,80,1,20,3,3,20,11,0,7
58,Hayır,Seyrek Seyahat,605,Satış,21,3,Fen Bilimleri,1,1938,4,Kadın,72,3,4,Yönetici,4,Evli,17875,11761,4,Evet,13,3,3,80,1,29,2,2,1,0,0,0
32,Evet,Sık Seyahat,238,Araştırma ve Geliştirme,5,2,Fen Bilimleri,1,1939,1,Kadın,47,4,1,Araştırma Bilimcisi,3,Bekar,2432,15318,3,Evet,14,3,1,80,0,8,2,3,4,1,0,3
38,Hayır,Seyrek Seyahat,1206,Araştırma ve Geliştirme,9,2,Fen Bilimleri,1,1940,2,Erkek,71,3,1,Araştırma Bilimcisi,4,Boşanmış,4771,14293,2,Hayır,19,3,4,80,2,10,0,4,5,2,0,3
49,Hayır,Sık Seyahat,1064,Araştırma ve Geliştirme,2,1,Fen Bilimleri,1,1941,2,Erkek,42,3,5,Araştırma Direktörü,4,Evli,19161,13738,3,Hayır,15,3,4,80,0,28,3,3,5,4,4,3
42,Hayır,Seyrek Seyahat,419,Satış,12,4,Pazarlama,1,1943,2,Erkek,77,3,2,Satış Yöneticisi,4,Boşanmış,5087,2900,3,Evet,12,3,3,80,2,14,4,3,0,0,0,0
27,Evet,Sık Seyahat,1337,İnsan Kaynakları,22,3,İnsan Kaynakları,1,1944,1,Kadın,58,2,1,İnsan Kaynakları,2,Evli,2863,19555,1,Hayır,12,3,1,80,0,1,2,3,1,0,0,0
35,Hayır,Seyrek Seyahat,682,Satış,18,4,Tıp,1,1945,2,Erkek,71,3,2,Satış Yöneticisi,1,Evli,5561,15975,0,Hayır,16,3,4,80,1,6,2,1,5,3,0,4
28,Hayır,Seyahat Etmez,1103,Araştırma ve Geliştirme,16,3,Tıp,1,1947,3,Erkek,49,3,1,Araştırma Bilimcisi,3,Bekar,2144,2122,1,Hayır,14,3,3,80,0,5,3,2,5,3,1,4
31,Hayır,Seyahat Etmez,976,Araştırma ve Geliştirme,3,2,Tıp,1,1948,3,Erkek,48,3,1,Araştırma Bilimcisi,1,Boşanmış,3065,3995,1,Evet,13,3,4,80,1,4,3,4,4,2,2,3
36,Hayır,Seyahat Etmez,1351,Araştırma ve Geliştirme,9,4,Fen Bilimleri,1,1949,1,Erkek,66,4,1,Laboratuvar Teknikeri,2,Evli,2810,9238,1,Hayır,22,4,2,80,0,5,3,3,5,4,0,2
34,Hayır,Seyrek Seyahat,937,Satış,1,3,Pazarlama,1,1950,1,Erkek,32,3,3,Satış Yöneticisi,4,Bekar,9888,6770,1,Hayır,21,4,1,80,0,14,3,2,14,8,2,1
34,Hayır,Seyrek Seyahat,1239,Satış,13,4,Tıp,1,1951,4,Erkek,39,3,3,Satış Yöneticisi,3,Boşanmış,8628,22914,1,Hayır,18,3,3,80,1,9,2,2,8,7,1,1
26,Hayır,Seyrek Seyahat,157,Araştırma ve Geliştirme,1,3,Tıp,1,1952,3,Erkek,95,3,1,Laboratuvar Teknikeri,1,Bekar,2867,20006,0,Hayır,13,3,4,80,0,8,6,2,7,7,7,6
29,Hayır,Seyrek Seyahat,136,Araştırma ve Geliştirme,1,3,Fen Bilimleri,1,1954,1,Erkek,89,3,2,Sağlık Temsilcisi,1,Evli,5373,6225,0,Hayır,12,3,1,80,1,6,5,2,5,3,0,2
32,Hayır,Seyahat Etmez,1146,Araştırma ve Geliştirme,15,4,Tıp,1,1955,3,Kadın,34,3,2,Sağlık Temsilcisi,4,Boşanmış,6667,16542,5,Hayır,18,3,2,80,1,9,6,3,5,1,1,2
31,Hayır,Sık Seyahat,1125,Araştırma ve Geliştirme,1,3,Fen Bilimleri,1,1956,4,Erkek,48,1,2,Araştırma Bilimcisi,1,Evli,5003,5771,1,Hayır,21,4,2,80,0,10,6,3,10,8,8,7
28,Evet,Seyrek Seyahat,1404,Araştırma ve Geliştirme,17,3,Mühendislik,1,1960,3,Erkek,32,2,1,Laboratuvar Teknikeri,4,Boşanmış,2367,18779,5,Hayır,12,3,1,80,1,6,2,2,4,1,0,3
38,Hayır,Seyrek Seyahat,1404,Satış,1,3,Fen Bilimleri,1,1961,1,Erkek,59,2,1,Satış Temsilcisi,1,Bekar,2858,11473,4,Hayır,14,3,1,80,0,20,3,2,1,0,0,0
35,Hayır,Seyrek Seyahat,1224,Satış,7,4,Fen Bilimleri,1,1962,3,Kadın,55,3,2,Satış Yöneticisi,4,Evli,5204,13586,1,Evet,11,3,4,80,0,10,2,3,10,8,0,9
27,Hayır,Seyrek Seyahat,954,Satış,9,3,Pazarlama,1,1965,4,Erkek,44,3,2,Satış Yöneticisi,4,Bekar,4105,5099,1,Hayır,14,3,1,80,0,7,5,3,7,7,0,7
32,Hayır,Seyrek Seyahat,1373,Araştırma ve Geliştirme,5,4,Fen Bilimleri,1,1966,4,Erkek,56,2,2,Üretim Direktörü,4,Bekar,9679,10138,8,Hayır,24,4,2,80,0,8,1,3,1,0,0,0
31,Evet,Sık Seyahat,754,Satış,26,4,Pazarlama,1,1967,1,Erkek,63,3,2,Satış Yöneticisi,4,Evli,5617,21075,1,Evet,11,3,3,80,0,10,4,3,10,7,0,8
53,Evet,Seyrek Seyahat,1168,Satış,24,4,Fen Bilimleri,1,1968,1,Erkek,66,3,3,Satış Yöneticisi,1,Bekar,10448,5843,6,Evet,13,3,2,80,0,15,2,2,2,2,2,2
54,Hayır,Seyrek Seyahat,155,Araştırma ve Geliştirme,9,2,Fen Bilimleri,1,1969,1,Kadın,67,3,2,Araştırma Bilimcisi,3,Evli,2897,22474,3,Hayır,11,3,3,80,2,9,6,2,4,3,2,3
33,Hayır,Sık Seyahat,1303,Araştırma ve Geliştirme,7,2,Fen Bilimleri,1,1970,4,Erkek,36,3,2,Sağlık Temsilcisi,3,Boşanmış,5968,18079,1,Hayır,20,4,3,80,3,9,2,3,9,7,2,8
43,Hayır,Seyrek Seyahat,574,Araştırma ve Geliştirme,11,3,Fen Bilimleri,1,1971,1,Erkek,30,3,3,Sağlık Temsilcisi,3,Evli,7510,16873,1,Hayır,17,3,2,80,1,10,1,3,10,9,0,9
38,Hayır,Sık Seyahat,1444,İnsan Kaynakları,1,4,Diğer,1,1972,4,Erkek,88,3,1,İnsan Kaynakları,2,Evli,2991,5224,0,Evet,11,3,2,80,1,7,2,3,6,2,1,2
55,Hayır,Seyrek Seyahat,189,İnsan Kaynakları,26,4,İnsan Kaynakları,1,1973,3,Erkek,71,4,5,Yönetici,2,Evli,19636,25811,4,Evet,18,3,1,80,1,35,0,3,10,9,1,4
31,Hayır,Seyrek Seyahat,1276,Araştırma ve Geliştirme,2,1,Tıp,1,1974,4,Kadın,59,1,1,Laboratuvar Teknikeri,4,Boşanmış,1129,17536,1,Evet,11,3,3,80,3,1,4,3,1,0,0,0
39,Hayır,Seyrek Seyahat,119,Satış,15,4,Pazarlama,1,1975,2,Erkek,77,3,4,Satış Yöneticisi,1,Bekar,13341,25098,0,Hayır,12,3,1,80,0,21,3,3,20,8,11,10
42,Hayır,Seyahat Etmez,335,Araştırma ve Geliştirme,23,2,Fen Bilimleri,1,1976,4,Erkek,37,2,2,Araştırma Bilimcisi,3,Bekar,4332,14811,1,Hayır,12,3,4,80,0,20,2,3,20,9,3,7
31,Hayır,Seyahat Etmez,697,Araştırma ve Geliştirme,10,3,Tıp,1,1979,3,Kadın,40,3,3,Araştırma Direktörü,3,Evli,11031,26862,4,Hayır,20,4,3,80,1,13,2,4,11,7,4,8
54,Hayır,Seyrek Seyahat,157,Araştırma ve Geliştirme,10,3,Tıp,1,1980,3,Kadın,77,3,2,Üretim Direktörü,1,Bekar,4440,25198,6,Evet,19,3,4,80,0,9,3,3,5,2,1,4
24,Hayır,Seyrek Seyahat,771,Araştırma ve Geliştirme,1,2,Fen Bilimleri,1,1981,2,Erkek,45,2,2,Sağlık Temsilcisi,3,Bekar,4617,14120,1,Hayır,12,3,2,80,0,4,2,2,4,3,1,2
23,Hayır,Seyrek Seyahat,571,Araştırma ve Geliştirme,12,2,Diğer,1,1982,4,Erkek,78,3,1,Laboratuvar Teknikeri,4,Bekar,2647,13672,1,Hayır,13,3,3,80,0,5,6,4,5,2,1,4
40,Hayır,Sık Seyahat,692,Araştırma ve Geliştirme,11,3,Mühendislik,1,1985,4,Kadın,73,3,2,Laboratuvar Teknikeri,3,Evli,6323,26849,1,Hayır,11,3,1,80,1,10,2,4,10,9,9,4
40,Hayır,Seyrek Seyahat,444,Satış,2,2,Pazarlama,1,1986,2,Kadın,92,3,2,Satış Yöneticisi,2,Evli,5677,4258,3,Hayır,14,3,3,80,1,15,4,3,11,8,5,10
25,Hayır,Seyrek Seyahat,309,İnsan Kaynakları,2,3,İnsan Kaynakları,1,1987,3,Kadın,82,3,1,İnsan Kaynakları,2,Evli,2187,19655,4,Hayır,14,3,3,80,0,6,3,3,2,0,1,2
30,Hayır,Seyrek Seyahat,911,Araştırma ve Geliştirme,1,2,Tıp,1,1989,4,Erkek,76,3,1,Laboratuvar Teknikeri,2,Evli,3748,4077,1,Hayır,13,3,3,80,0,12,6,2,12,8,1,7
25,Hayır,Seyrek Seyahat,977,Araştırma ve Geliştirme,2,1,Diğer,1,1992,4,Erkek,57,3,1,Laboratuvar Teknikeri,3,Boşanmış,3977,7298,6,Evet,19,3,3,80,1,7,2,2,2,2,0,2
47,Hayır,Seyrek Seyahat,1180,Araştırma ve Geliştirme,25,3,Tıp,1,1993,1,Erkek,84,3,3,Sağlık Temsilcisi,3,Bekar,8633,13084,2,Hayır,23,4,2,80,0,25,3,3,17,14,12,11
33,Hayır,Seyahat Etmez,1313,Araştırma ve Geliştirme,1,2,Tıp,1,1994,2,Erkek,59,2,1,Laboratuvar Teknikeri,3,Boşanmış,2008,20439,1,Hayır,12,3,3,80,3,1,2,2,1,1,0,0
38,Hayır,Seyrek Seyahat,1321,Satış,1,4,Fen Bilimleri,1,1995,4,Erkek,86,3,2,Satış Yöneticisi,2,Evli,4440,7636,0,Hayır,15,3,1,80,2,16,3,3,15,13,5,8
31,Hayır,Seyrek Seyahat,1154,Satış,2,2,Fen Bilimleri,1,1996,1,Erkek,54,3,1,Satış Temsilcisi,3,Evli,3067,6393,0,Hayır,19,3,3,80,1,3,1,3,2,2,1,2
38,Hayır,Sık Seyahat,508,Araştırma ve Geliştirme,6,4,Fen Bilimleri,1,1997,1,Erkek,72,2,2,Üretim Direktörü,3,Evli,5321,14284,2,Hayır,11,3,4,80,1,10,1,3,8,3,7,7
42,Hayır,Seyrek Seyahat,557,Araştırma ve Geliştirme,18,4,Fen Bilimleri,1,1998,4,Erkek,35,3,2,Araştırma Bilimcisi,1,Boşanmış,5410,11189,6,Evet,17,3,3,80,1,9,3,2,4,3,1,2
41,Hayır,Seyrek Seyahat,642,Araştırma ve Geliştirme,1,3,Fen Bilimleri,1,1999,4,Erkek,76,3,1,Araştırma Bilimcisi,4,Evli,2782,21412,3,Hayır,22,4,1,80,1,12,3,3,5,3,1,0
47,Hayır,Seyahat Etmez,1162,Araştırma ve Geliştirme,1,1,Tıp,1,2000,3,Kadın,98,3,3,Araştırma Direktörü,2,Evli,11957,17231,0,Hayır,18,3,1,80,2,14,3,1,13,8,5,12
35,Hayır,Seyrek Seyahat,1490,Araştırma ve Geliştirme,11,4,Tıp,1,2003,4,Erkek,43,3,1,Laboratuvar Teknikeri,3,Evli,2660,20232,7,Evet,11,3,3,80,1,5,3,3,2,2,2,2
22,Hayır,Seyrek Seyahat,581,Araştırma ve Geliştirme,1,2,Fen Bilimleri,1,2007,4,Erkek,63,3,1,Araştırma Bilimcisi,3,Bekar,3375,17624,0,Hayır,12,3,4,80,0,4,2,4,3,2,1,2
35,Hayır,Seyrek Seyahat,1395,Araştırma ve Geliştirme,9,4,Tıp,1,2008,2,Erkek,48,3,2,Araştırma Bilimcisi,3,Bekar,5098,18698,1,Hayır,19,3,2,80,0,10,5,3,10,7,0,8
33,Hayır,Seyrek Seyahat,501,Araştırma ve Geliştirme,15,2,Tıp,1,2009,2,Kadın,95,3,2,Sağlık Temsilcisi,4,Evli,4878,21653,0,Evet,13,3,1,80,1,10,6,3,9,7,8,1
32,Hayır,Seyrek Seyahat,267,Araştırma ve Geliştirme,29,4,Fen Bilimleri,1,2010,3,Kadın,49,2,1,Laboratuvar Teknikeri,2,Bekar,2837,15919,1,Hayır,13,3,3,80,0,6,3,3,6,2,4,1
40,Hayır,Seyrek Seyahat,543,Araştırma ve Geliştirme,1,4,Fen Bilimleri,1,2012,1,Erkek,83,3,1,Laboratuvar Teknikeri,4,Evli,2406,4060,8,Hayır,19,3,3,80,2,8,3,2,1,0,0,0
32,Hayır,Seyrek Seyahat,234,Satış,1,4,Tıp,1,2013,2,Erkek,68,2,1,Satış Temsilcisi,2,Evli,2269,18024,0,Hayır,14,3,2,80,1,3,2,3,2,2,2,2
39,Hayır,Seyrek Seyahat,116,Araştırma ve Geliştirme,24,1,Fen Bilimleri,1,2014,1,Erkek,52,3,2,Araştırma Bilimcisi,4,Bekar,4108,5340,7,Hayır,13,3,1,80,0,18,2,3,7,7,1,7
38,Hayır,Seyrek Seyahat,201,Araştırma ve Geliştirme,10,3,Tıp,1,2015,2,Kadın,99,1,3,Araştırma Direktörü,3,Evli,13206,3376,3,Hayır,12,3,1,80,1,20,3,3,18,16,1,11
32,Hayır,Seyrek Seyahat,801,Satış,1,4,Pazarlama,1,2016,3,Kadın,48,3,3,Satış Yöneticisi,4,Evli,10422,24032,1,Hayır,19,3,3,80,2,14,3,3,14,10,5,7
37,Hayır,Seyrek Seyahat,161,Araştırma ve Geliştirme,10,3,Fen Bilimleri,1,2017,3,Kadın,42,4,3,Araştırma Direktörü,4,Evli,13744,15471,1,Evet,25,4,1,80,1,16,2,3,16,11,6,8
25,Hayır,Seyrek Seyahat,1382,Satış,8,2,Diğer,1,2018,1,Kadın,85,3,2,Satış Yöneticisi,3,Boşanmış,4907,13684,0,Evet,22,4,2,80,1,6,3,2,5,3,0,4
52,Hayır,Seyahat Etmez,585,Satış,29,4,Fen Bilimleri,1,2019,1,Erkek,40,3,1,Satış Temsilcisi,4,Boşanmış,3482,19788,2,Hayır,15,3,2,80,2,16,3,2,9,8,0,0
44,Hayır,Seyrek Seyahat,1037,Araştırma ve Geliştirme,1,3,Tıp,1,2020,2,Erkek,42,3,1,Araştırma Bilimcisi,4,Bekar,2436,13422,6,Evet,12,3,3,80,0,6,2,3,4,3,1,2
21,Hayır,Seyrek Seyahat,501,Satış,5,1,Tıp,1,2021,3,Erkek,58,3,1,Satış Temsilcisi,1,Bekar,2380,25479,1,Evet,11,3,4,80,0,2,6,3,2,2,1,2
39,Hayır,Seyahat Etmez,105,Araştırma ve Geliştirme,9,3,Fen Bilimleri,1,2022,4,Erkek,87,3,5,Yönetici,4,Bekar,19431,15302,2,Hayır,13,3,3,80,0,21,3,2,6,0,1,3
23,Evet,Sık Seyahat,638,Satış,9,3,Pazarlama,1,2023,4,Erkek,33,3,1,Satış Temsilcisi,1,Evli,1790,26956,1,Hayır,19,3,1,80,1,1,3,2,1,0,1,0
36,Hayır,Seyrek Seyahat,557,Satış,3,3,Tıp,1,2024,1,Kadın,94,2,3,Satış Yöneticisi,4,Evli,7644,12695,0,Hayır,19,3,3,80,2,10,2,3,9,7,3,4
36,Hayır,Sık Seyahat,688,Araştırma ve Geliştirme,4,2,Fen Bilimleri,1,2025,4,Kadın,97,3,2,Üretim Direktörü,2,Boşanmış,5131,9192,7,Hayır,13,3,2,80,3,18,3,3,4,2,0,2
56,Hayır,Seyahat Etmez,667,Araştırma ve Geliştirme,1,4,Fen Bilimleri,1,2026,3,Erkek,57,3,2,Sağlık Temsilcisi,3,Boşanmış,6306,26236,1,Hayır,21,4,1,80,1,13,2,2,13,12,1,9
29,Evet,Seyrek Seyahat,1092,Araştırma ve Geliştirme,1,4,Tıp,1,2027,1,Erkek,36,3,1,Araştırma Bilimcisi,4,Evli,4787,26124,9,Evet,14,3,2,80,3,4,3,4,2,2,2,2
42,Hayır,Seyrek Seyahat,300,Araştırma ve Geliştirme,2,3,Fen Bilimleri,1,2031,1,Erkek,56,3,5,Yönetici,3,Evli,18880,17312,5,Hayır,11,3,1,80,0,24,2,2,22,6,4,14
56,Evet,Seyrek Seyahat,310,Araştırma ve Geliştirme,7,2,Mühendislik,1,2032,4,Erkek,72,3,1,Laboratuvar Teknikeri,3,Evli,2339,3666,8,Hayır,11,3,4,80,1,14,4,1,10,9,9,8
41,Hayır,Seyrek Seyahat,582,Araştırma ve Geliştirme,28,4,Fen Bilimleri,1,2034,1,Kadın,60,2,4,Üretim Direktörü,2,Evli,13570,5640,0,Hayır,23,4,3,80,1,21,3,3,20,7,0,10
34,Hayır,Seyrek Seyahat,704,Satış,28,3,Pazarlama,1,2035,4,Kadın,95,2,2,Satış Yöneticisi,3,Evli,6712,8978,1,Hayır,21,4,4,80,2,8,2,3,8,7,1,7
36,Hayır,Seyahat Etmez,301,Satış,15,4,Pazarlama,1,2036,4,Erkek,88,1,2,Satış Yöneticisi,4,Boşanmış,5406,10436,1,Hayır,24,4,1,80,1,15,4,2,15,12,11,11
41,Hayır,Seyrek Seyahat,930,Satış,3,3,Fen Bilimleri,1,2037,3,Erkek,57,2,2,Satış Yöneticisi,2,Boşanmış,8938,12227,2,Hayır,11,3,3,80,1,14,5,3,5,4,0,4
32,Hayır,Seyrek Seyahat,529,Araştırma ve Geliştirme,2,3,Mühendislik,1,2038,4,Erkek,78,3,1,Araştırma Bilimcisi,1,Bekar,2439,11288,1,Hayır,14,3,4,80,0,4,4,3,4,2,1,2
35,Hayır,Seyrek Seyahat,1146,İnsan Kaynakları,26,4,Fen Bilimleri,1,2040,3,Kadın,31,3,3,İnsan Kaynakları,4,Bekar,8837,16642,1,Evet,16,3,3,80,0,9,2,3,9,0,1,7
38,Hayır,Seyrek Seyahat,345,Satış,10,2,Fen Bilimleri,1,2041,1,Kadın,100,3,2,Satış Yöneticisi,4,Evli,5343,5982,1,Hayır,11,3,3,80,1,10,1,3,10,7,1,9
50,Evet,Sık Seyahat,878,Satış,1,4,Fen Bilimleri,1,2044,2,Erkek,94,3,2,Satış Yöneticisi,3,Boşanmış,6728,14255,7,Hayır,12,3,4,80,2,12,3,3,6,3,0,1
36,Hayır,Seyrek Seyahat,1120,Satış,11,4,Pazarlama,1,2045,2,Kadın,100,2,2,Satış Yöneticisi,4,Evli,6652,14369,4,Hayır,13,3,1,80,1,8,2,2,6,3,0,0
45,Hayır,Seyrek Seyahat,374,Satış,20,3,Fen Bilimleri,1,2046,4,Kadın,50,3,2,Satış Yöneticisi,3,Bekar,4850,23333,8,Hayır,15,3,3,80,0,8,3,3,5,3,0,1
40,Hayır,Seyrek Seyahat,1322,Araştırma ve Geliştirme,2,4,Fen Bilimleri,1,2048,3,Erkek,52,2,1,Araştırma Bilimcisi,3,Bekar,2809,2725,2,Hayır,14,3,4,80,0,8,2,3,2,2,2,2
35,Hayır,Sık Seyahat,1199,Araştırma ve Geliştirme,18,4,Fen Bilimleri,1,2049,3,Erkek,80,3,2,Sağlık Temsilcisi,3,Evli,5689,24594,1,Evet,14,3,4,80,2,10,2,4,10,2,0,2
40,Hayır,Seyrek Seyahat,1194,Araştırma ve Geliştirme,2,4,Tıp,1,2051,3,Kadın,98,3,1,Araştırma Bilimcisi,3,Evli,2001,12549,2,Hayır,14,3,2,80,3,20,2,3,5,3,0,2
35,Hayır,Seyrek Seyahat,287,Araştırma ve Geliştirme,1,4,Fen Bilimleri,1,2052,3,Kadın,62,1,1,Araştırma Bilimcisi,4,Evli,2977,8952,1,Hayır,12,3,4,80,1,4,5,3,4,3,1,1
29,Hayır,Seyrek Seyahat,1378,Araştırma ve Geliştirme,13,2,Diğer,1,2053,4,Erkek,46,2,2,Laboratuvar Teknikeri,2,Evli,4025,23679,4,Evet,13,3,1,80,1,10,2,3,4,3,0,3
29,Hayır,Seyrek Seyahat,468,Araştırma ve Geliştirme,28,4,Tıp,1,2054,4,Kadın,73,2,1,Araştırma Bilimcisi,1,Bekar,3785,8489,1,Hayır,14,3,2,80,0,5,3,1,5,4,0,4
50,Evet,Seyrek Seyahat,410,Satış,28,3,Pazarlama,1,2055,4,Erkek,39,2,3,Satış Yöneticisi,1,Boşanmış,10854,16586,4,Evet,13,3,2,80,1,20,3,3,3,2,2,0
39,Hayır,Seyrek Seyahat,722,Satış,24,1,Pazarlama,1,2056,2,Kadın,60,2,4,Satış Yöneticisi,4,Evli,12031,8828,0,Hayır,11,3,1,80,1,21,2,2,20,9,9,6
31,Hayır,Seyahat Etmez,325,Araştırma ve Geliştirme,5,3,Tıp,1,2057,2,Erkek,74,3,2,Üretim Direktörü,1,Bekar,9936,3787,0,Hayır,19,3,2,80,0,10,2,3,9,4,1,7
26,Hayır,Seyrek Seyahat,1167,Satış,5,3,Diğer,1,2060,4,Kadın,30,2,1,Satış Temsilcisi,3,Bekar,2966,21378,0,Hayır,18,3,4,80,0,5,2,3,4,2,0,0
36,Hayır,Sık Seyahat,884,Araştırma ve Geliştirme,23,2,Tıp,1,2061,3,Erkek,41,4,2,Laboratuvar Teknikeri,4,Evli,2571,12290,4,Hayır,17,3,3,80,1,17,3,3,5,2,0,3
39,Hayır,Seyrek Seyahat,613,Araştırma ve Geliştirme,6,1,Tıp,1,2062,4,Erkek,42,2,3,Sağlık Temsilcisi,1,Evli,9991,21457,4,Hayır,15,3,1,80,1,9,5,3,7,7,1,7
27,Hayır,Seyrek Seyahat,155,Araştırma ve Geliştirme,4,3,Fen Bilimleri,1,2064,2,Erkek,87,4,2,Üretim Direktörü,2,Evli,6142,5174,1,Evet,20,4,2,80,1,6,0,3,6,2,0,3
49,Hayır,Sık Seyahat,1023,Satış,2,3,Tıp,1,2065,4,Erkek,63,2,2,Satış Yöneticisi,2,Evli,5390,13243,2,Hayır,14,3,4,80,0,17,3,2,9,6,0,8
34,Hayır,Seyrek Seyahat,628,Araştırma ve Geliştirme,8,3,Tıp,1,2068,2,Erkek,82,4,2,Laboratuvar Teknikeri,3,Evli,4404,10228,2,Hayır,12,3,1,80,0,6,3,4,4,3,1,2
